chr	gene_start	gene_end	ncbi_gene_id	gene_name	description	gene_biotype	window_mid	fst	nsites
NC_133892.1	14588199	14601287	141897654	LOC141897654	CD59 glycoprotein-like	protein_coding	14565001	0.958229	34262
NC_133894.1	18308361	18310126	141863290	LOC141863290	E3 ubiquitin-protein ligase RNF113A-like	protein_coding	18285001	0.952261	33508
NC_133883.1	8490782	8503243	141873931	LOC141873931	CCR4-NOT transcription complex subunit 6-like	protein_coding	8475001	0.950681	32149
NC_133894.1	18291130	18305960	141863732	LOC141863732	helicase ARIP4-like	protein_coding	18275001	0.949235	33054
NC_133883.1	21646331	21654378	141873566	LOC141873566	ras-related and estrogen-regulated growth inhibitor-like	protein_coding	21625001	0.948708	34459
NC_133887.1	22912055	22917890	141883528	LOC141883528	OTU domain-containing protein 3-like	protein_coding	22895001	0.948622	31732
NC_133884.1	1620570	1622661	141877289	LOC141877289	activating signal cointegrator 1-like	protein_coding	1605001	0.947925	30095
NC_133884.1	1624621	1643587	141876638	LOC141876638	conserved oligomeric Golgi complex subunit 4-like	protein_coding	1605001	0.947925	30095
NC_133883.1	21655681	21658120	141874147	LOC141874147	adenosine receptor A2b-like	protein_coding	21635001	0.947241	32697
NC_133894.1	18318711	18324231	141863287	LOC141863287	protein brambleberry-like	protein_coding	18295001	0.947213	35279
NC_133894.1	18311052	18317765	141863289	LOC141863289	uncharacterized LOC141863289	protein_coding	18295001	0.947213	35279
NC_133883.1	8506296	8513310	141873965	LOC141873965	uncharacterized LOC141873965	protein_coding	8485001	0.947084	33706
NC_133883.1	2597782	2601571	141874032	LOC141874032	uncharacterized LOC141874032	lncRNA	2575001	0.946352	33434
NC_133883.1	2592172	2627543	141874020	LOC141874020	uncharacterized LOC141874020	protein_coding	2575001	0.946352	33434
NC_133894.1	18224516	18231572	141863739	LOC141863739	uncharacterized LOC141863739	protein_coding	18205001	0.945178	37340
NC_133886.1	23915092	23915226	141882648	LOC141882648	small nucleolar RNA SNORA16B/SNORA16A family	snoRNA	23895001	0.944930	32136
NC_133883.1	2616276	2616994	141874033	LOC141874033	uncharacterized LOC141874033	lncRNA	2595001	0.944548	34218
NC_133894.1	18325904	18330282	141863288	LOC141863288	uncharacterized LOC141863288	protein_coding	18305001	0.944100	37090
NC_133886.1	23901942	23904395	141881065	LOC141881065	uncharacterized LOC141881065	lncRNA	23885001	0.943792	32548
NC_133886.1	23904736	23921593	141881050	LOC141881050	WD repeat-containing protein 75-like	protein_coding	23885001	0.943792	32548
NC_133894.1	18247999	18279265	141862991	LOC141862991	uncharacterized LOC141862991	protein_coding	18225001	0.941641	33230
NC_133895.1	13637673	13645558	141865398	LOC141865398	ubiquitin-conjugating enzyme E2 U-like	protein_coding	13615001	0.940978	32765
NC_133887.1	487901	509598	141885309	LOC141885309	cAMP and cAMP-inhibited cGMP 3',5'-cyclic phosphodiesterase 10A-like	protein_coding	465001	0.939592	37698
NC_133883.1	2581392	2592004	141874022	LOC141874022	uncharacterized LOC141874022	protein_coding	2565001	0.939336	34592
NC_133889.1	20981609	20984707	141888886	LOC141888886	uncharacterized LOC141888886	protein_coding	20965001	0.939295	14347
NC_133889.1	20984715	21009137	141890892	LOC141890892	uncharacterized LOC141890892	protein_coding	20965001	0.939295	14347
NC_133884.1	4016839	4028883	141876337	LOC141876337	cystathionine gamma-synthase-like	protein_coding	4035001	0.938944	32030
NC_133884.1	4033965	4045598	141877690	LOC141877690	uncharacterized LOC141877690	protein_coding	4035001	0.938944	32030
NC_133884.1	4051908	4057243	141877689	LOC141877689	uncharacterized LOC141877689	protein_coding	4035001	0.938944	32030
NC_133884.1	4005808	4015423	141876336	LOC141876336	centrosomal protein of 76 kDa-like	protein_coding	4035001	0.938944	32030
NC_133884.1	4057380	4070278	141877691	LOC141877691	uncharacterized LOC141877691	lncRNA	4035001	0.938944	32030
NC_133882.1	29955860	29958049	141873337	LOC141873337	uncharacterized LOC141873337	protein_coding	29935001	0.938812	30424
NC_133882.1	29958587	29960154	141873330	LOC141873330	torsin-1A-interacting protein 1-like	protein_coding	29935001	0.938812	30424
NC_133890.1	18091263	18100269	141892546	LOC141892546	neuropeptide FF receptor 1-like	protein_coding	18115001	0.938232	37571
NC_133890.1	18123981	18131098	141891893	LOC141891893	uncharacterized LOC141891893	lncRNA	18115001	0.938232	37571
NC_133890.1	18128256	18132747	141891891	LOC141891891	uncharacterized LOC141891891	protein_coding	18115001	0.938232	37571
NC_133890.1	18132726	18137081	141891889	LOC141891889	uncharacterized LOC141891889	protein_coding	18115001	0.938232	37571
NC_133890.1	18101848	18110287	141892547	LOC141892547	neuropeptide FF receptor 2-like	protein_coding	18115001	0.938232	37571
NC_133890.1	18111925	18126150	141891887	LOC141891887	very long-chain specific acyl-CoA dehydrogenase, mitochondrial-like	protein_coding	18115001	0.938232	37571
NC_133890.1	18135661	18137700	141891892	LOC141891892	uncharacterized LOC141891892	lncRNA	18115001	0.938232	37571
NC_133890.1	18081190	18093748	141892553	LOC141892553	uncharacterized LOC141892553	protein_coding	18115001	0.938232	37571
NC_133887.1	475493	477687	141885316	LOC141885316	uncharacterized LOC141885316	lncRNA	455001	0.937962	36937
NC_133887.1	477518	486749	141885313	LOC141885313	uncharacterized LOC141885313	protein_coding	455001	0.937962	36937
NC_133883.1	21672575	21675736	141863432	LOC141863432	uncharacterized LOC141863432	protein_coding	21655001	0.937572	32601
NC_133883.1	21676306	21697385	141863469	LOC141863469	cathepsin L-like	protein_coding	21655001	0.937572	32601
NC_133892.1	14603947	14606935	141897655	LOC141897655	uncharacterized LOC141897655	protein_coding	14585001	0.937454	35235
NC_133892.1	14607471	14619186	141897649	LOC141897649	activating molecule in BECN1-regulated autophagy protein 1A-like	protein_coding	14585001	0.937454	35235
NC_133887.1	5766439	5800017	141884314	LOC141884314	activating signal cointegrator 1 complex subunit 3-like	protein_coding	5745001	0.937209	29864
NC_133884.1	1643750	1663291	141876445	LOC141876445	RNA-binding protein 28-like	protein_coding	1625001	0.937011	28808
NC_133891.1	3358060	3361397	141895158	LOC141895158	uncharacterized LOC141895158	protein_coding	3335001	0.936763	36534
NC_133883.1	8481844	8484564	141873964	LOC141873964	octopamine receptor beta-2R-like	protein_coding	8465001	0.936294	31497
NC_133883.1	8485463	8490285	141873976	LOC141873976	transmembrane protein 72-like	protein_coding	8465001	0.936294	31497
NC_133892.1	1363255	1370944	141896752	LOC141896752	L-xylulose reductase-like	protein_coding	1345001	0.935901	32629
NC_133883.1	21406595	21411038	141874982	LOC141874982	octopamine receptor beta-2R-like	protein_coding	21435001	0.935584	32178
NC_133883.1	21419611	21422493	141874977	LOC141874977	myosin regulatory light chain 12A-like	protein_coding	21435001	0.935584	32178
NC_133883.1	21422630	21426064	141874979	LOC141874979	myosin regulatory light chain 12A-like	protein_coding	21435001	0.935584	32178
NC_133883.1	21428015	21429873	141874983	LOC141874983	uncharacterized LOC141874983	lncRNA	21435001	0.935584	32178
NC_133883.1	21430769	21435516	141874981	LOC141874981	mediator of RNA polymerase II transcription subunit 28-like	protein_coding	21435001	0.935584	32178
NC_133883.1	21435537	21440100	141874975	LOC141874975	transmembrane protease serine 3-like	protein_coding	21435001	0.935584	32178
NC_133883.1	21440389	21463083	141874965	LOC141874965	uncharacterized LOC141874965	protein_coding	21435001	0.935584	32178
NC_133883.1	21445525	21453182	141874971	LOC141874971	trypsin-like	protein_coding	21435001	0.935584	32178
NC_133892.1	1297858	1310491	141897980	LOC141897980	zinc phosphodiesterase ELAC protein 2-like	protein_coding	1335001	0.935581	28806
NC_133892.1	1343983	1356711	141859077	LOC141859077	uncharacterized LOC141859077	protein_coding	1335001	0.935581	28806
NC_133892.1	1321459	1343989	141859076	LOC141859076	uncharacterized LOC141859076	protein_coding	1335001	0.935581	28806
NC_133892.1	1359699	1366695	141897691	LOC141897691	meiotic recombination protein DMC1/LIM15 homolog	protein_coding	1335001	0.935581	28806
NC_133883.1	2662694	2668606	141874706	LOC141874706	uncharacterized LOC141874706	lncRNA	2645001	0.935475	36441
NC_133883.1	26855731	26869386	141863834	LOC141863834	uncharacterized LOC141863834	protein_coding	26875001	0.935313	34778
NC_133883.1	26889550	26893906	141863890	LOC141863890	transmembrane protein 127-like	protein_coding	26875001	0.935313	34778
NC_133883.1	26839948	26856264	141863846	LOC141863846	uncharacterized LOC141863846	protein_coding	26875001	0.935313	34778
NC_133883.1	26876612	26889408	141863858	LOC141863858	5'-nucleotidase domain-containing protein 1-like	protein_coding	26875001	0.935313	34778
NC_133883.1	26869466	26876642	141863867	LOC141863867	pantothenate kinase 3-like	protein_coding	26875001	0.935313	34778
NC_133891.1	3033855	3037970	141895139	LOC141895139	uncharacterized LOC141895139	protein_coding	3055001	0.935296	31908
NC_133891.1	3038602	3041714	141895152	LOC141895152	uncharacterized LOC141895152	lncRNA	3055001	0.935296	31908
NC_133891.1	3048400	3054399	141895136	LOC141895136	uncharacterized LOC141895136	protein_coding	3055001	0.935296	31908
NC_133891.1	3054477	3060070	141895142	LOC141895142	replication protein A 32 kDa subunit-B-like	protein_coding	3055001	0.935296	31908
NC_133891.1	3074360	3076511	141895150	LOC141895150	uncharacterized LOC141895150	lncRNA	3055001	0.935296	31908
NC_133891.1	3022155	3032893	141895130	LOC141895130	uncharacterized LOC141895130	protein_coding	3055001	0.935296	31908
NC_133891.1	3045800	3048217	141895149	LOC141895149	uncharacterized LOC141895149	lncRNA	3055001	0.935296	31908
NC_133891.1	3060880	3075017	141895119	LOC141895119	uncharacterized LOC141895119	protein_coding	3055001	0.935296	31908
NC_133895.1	13645741	13648214	141865401	LOC141865401	radial spoke head 1 homolog	protein_coding	13625001	0.935260	33743
NC_133895.1	13648308	13669361	141865383	LOC141865383	uncharacterized LOC141865383	protein_coding	13625001	0.935260	33743
NC_133883.1	26902849	26907169	141873520	LOC141873520	uncharacterized LOC141873520	lncRNA	26885001	0.935207	33148
NC_133883.1	26901382	26919773	141873519	LOC141873519	solute carrier organic anion transporter family member 4A1-like	protein_coding	26885001	0.935207	33148
NC_133882.1	8000165	8001721	141874446	LOC141874446	transmembrane protein 163b-like	protein_coding	7985001	0.935143	31299
NC_133882.1	8002564	8015171	141874415	LOC141874415	dolichol kinase-like	protein_coding	7985001	0.935143	31299
NC_133882.1	8016317	8029620	141874426	LOC141874426	uncharacterized LOC141874426	protein_coding	7995001	0.934814	31402
NC_133882.1	29960230	29962911	141871296	LOC141871296	torsin-1A-like	protein_coding	29945001	0.934445	29146
NC_133882.1	29962912	29987258	141870931	LOC141870931	ubiquitin carboxyl-terminal hydrolase 20-like	protein_coding	29945001	0.934445	29146
NC_133890.1	15583525	15584909	141893394	LOC141893394	calcium homeostasis modulator protein 5-like	protein_coding	15575001	0.934399	32142
NC_133890.1	15584894	15588467	141893393	LOC141893393	calcium homeostasis modulator protein 6-like	protein_coding	15575001	0.934399	32142
NC_133890.1	15592947	15595791	141893395	LOC141893395	calcium homeostasis modulator protein 6-like	protein_coding	15575001	0.934399	32142
NC_133890.1	15545854	15571122	141893390	LOC141893390	run domain Beclin-1-interacting and cysteine-rich domain-containing protein-like	protein_coding	15575001	0.934399	32142
NC_133890.1	15571097	15583513	141893391	LOC141893391	uncharacterized LOC141893391	protein_coding	15575001	0.934399	32142
NC_133890.1	15598410	15623542	141893397	LOC141893397	basic phospholipase A2 pseudexin A chain-like	protein_coding	15575001	0.934399	32142
NC_133890.1	15595715	15604973	141893396	LOC141893396	ATP-dependent DNA helicase RecQ-like	protein_coding	15575001	0.934399	32142
NC_133883.1	21463218	21477582	141874968	LOC141874968	stress-70 protein, mitochondrial-like	protein_coding	21445001	0.933901	33459
NC_133892.1	1429554	1430292	141896653	LOC141896653	uncharacterized LOC141896653	lncRNA	1405001	0.933871	34841
NC_133892.1	1423516	1438037	141896650	LOC141896650	uncharacterized LOC141896650	protein_coding	1405001	0.933871	34841
NC_133894.1	18285413	18290089	141863733	LOC141863733	G-protein coupled receptor 161-like	protein_coding	18265001	0.933676	33160
NC_133886.1	23921221	23923528	141881057	LOC141881057	RYamide receptor-like	protein_coding	23905001	0.933053	31867
NC_133886.1	23923642	23933386	141881054	LOC141881054	cytoplasmic dynein 1 intermediate chain 2-like	protein_coding	23905001	0.933053	31867
NC_133891.1	3233209	3235822	141895129	LOC141895129	cytochrome P450 1A2-like	protein_coding	3255001	0.932990	37027
NC_133891.1	3236567	3240534	141895148	LOC141895148	uncharacterized LOC141895148	lncRNA	3255001	0.932990	37027
NC_133891.1	3263787	3272704	141894081	LOC141894081	uncharacterized LOC141894081	protein_coding	3255001	0.932990	37027
NC_133891.1	3221388	3231069	141895146	LOC141895146	ankyrin repeat domain-containing protein 66-like	protein_coding	3255001	0.932990	37027
NC_133891.1	3240758	3263565	141895125	LOC141895125	putative ATP-dependent RNA helicase DDX43	protein_coding	3255001	0.932990	37027
NC_133891.1	3278679	3295248	141895131	LOC141895131	serine protease hepsin-like	protein_coding	3255001	0.932990	37027
NC_133892.1	19518661	19536633	141897069	LOC141897069	uncharacterized LOC141897069	protein_coding	19495001	0.932712	34610
NC_133890.1	18140550	18149000	141891888	LOC141891888	ankyrin repeat domain-containing protein 42-like	protein_coding	18125001	0.932644	37704
NC_133890.1	21121689	21130617	141893338	LOC141893338	A-kinase anchor protein 14-like	protein_coding	21105001	0.932391	28807
NC_133890.1	21115895	21121630	141893339	LOC141893339	golgin-45-like	protein_coding	21095001	0.932378	25707
NC_133886.1	23866725	23880360	141881060	LOC141881060	cyclin-dependent kinase 5-like	protein_coding	23865001	0.932245	33881
NC_133886.1	23881871	23899214	141881055	LOC141881055	uncharacterized LOC141881055	protein_coding	23865001	0.932245	33881
NC_133886.1	23841010	23866667	141881049	LOC141881049	unconventional myosin-Ib-like	protein_coding	23865001	0.932245	33881
NC_133892.1	1409169	1416413	141896652	LOC141896652	uncharacterized LOC141896652	lncRNA	1385001	0.931936	31148
NC_133892.1	1408119	1423173	141896649	LOC141896649	ras-associating and dilute domain-containing protein-like	protein_coding	1385001	0.931936	31148
NC_133883.1	2670276	2679497	141873858	LOC141873858	glycine receptor subunit alphaZ1-like	protein_coding	2655001	0.931888	34677
NC_133883.1	2679639	2691549	141873859	LOC141873859	gamma-aminobutyric acid receptor subunit beta-1-like	protein_coding	2655001	0.931888	34677
NC_133892.1	14543499	14585286	141897648	LOC141897648	uncharacterized LOC141897648	protein_coding	14525001	0.931674	38780
NC_133892.1	9203735	9219369	141896690	LOC141896690	tether containing UBX domain for GLUT4-like	protein_coding	9185001	0.931491	34445
NC_133895.1	2231882	2237486	141866400	LOC141866400	growth arrest and DNA damage-inducible protein GADD45 alpha-like	protein_coding	2215001	0.931349	31154
NC_133895.1	2238107	2245369	141866393	LOC141866393	uncharacterized LOC141866393	protein_coding	2215001	0.931349	31154
NC_133883.1	24442032	24445797	141874226	LOC141874226	uncharacterized LOC141874226	protein_coding	24425001	0.931099	36877
NC_133883.1	24445914	24493675	141874220	LOC141874220	protein RRP5 homolog	protein_coding	24425001	0.931099	36877
NC_133882.1	5604618	5613639	141877827	LOC141877827	cyclic AMP-responsive element-binding protein 3-like protein 3-B	protein_coding	5585001	0.931007	34690
NC_133883.1	2627879	2632958	141874028	LOC141874028	uncharacterized LOC141874028	protein_coding	2605001	0.930693	36292
NC_133890.1	21102318	21115772	141893335	LOC141893335	protein O-mannosyl-transferase TMTC4-like	protein_coding	21085001	0.930478	23578
NC_133889.1	4385236	4387733	141888865	LOC141888865	uncharacterized LOC141888865	protein_coding	4365001	0.930096	34372
NC_133883.1	2691619	2700695	141873860	LOC141873860	glycine receptor subunit alpha-4-like	protein_coding	2675001	0.930013	33387
NC_133883.1	8513779	8520997	141873957	LOC141873957	uncharacterized LOC141873957	protein_coding	8495001	0.929662	32808
NC_133883.1	8518965	8528961	141873966	LOC141873966	uncharacterized LOC141873966	protein_coding	8495001	0.929662	32808
NC_133890.1	16163544	16167930	141891730	LOC141891730	beta-4C adrenergic receptor-like	protein_coding	16185001	0.929398	32700
NC_133890.1	16185155	16186926	141891729	LOC141891729	adenosine receptor A2b-like	protein_coding	16185001	0.929398	32700
NC_133890.1	16192706	16197261	141891726	LOC141891726	transcriptional regulator Erg-like	protein_coding	16185001	0.929398	32700
NC_133890.1	16201031	16203558	141891743	LOC141891743	uncharacterized LOC141891743	lncRNA	16185001	0.929398	32700
NC_133890.1	16137801	16190495	141891723	LOC141891723	HAUS augmin-like complex subunit 5	protein_coding	16185001	0.929398	32700
NC_133890.1	16170385	16173291	141891731	LOC141891731	uncharacterized LOC141891731	protein_coding	16185001	0.929398	32700
NC_133890.1	16209689	16231573	141891724	LOC141891724	transforming growth factor beta regulator 1-like	protein_coding	16185001	0.929398	32700
NC_133894.1	18335759	18344002	141864312	LOC141864312	uncharacterized LOC141864312	protein_coding	18315001	0.929077	36529
NC_133894.1	18330861	18335479	141864318	LOC141864318	uncharacterized LOC141864318	lncRNA	18315001	0.929077	36529
NC_133889.1	20898076	20902193	141888781	LOC141888781	melatonin receptor type 1C-like	protein_coding	20925001	0.928944	32269
NC_133889.1	20845864	20938846	141888775	LOC141888775	uncharacterized LOC141888775	protein_coding	20925001	0.928944	32269
NC_133889.1	20938269	20943628	141888782	LOC141888782	carbonic anhydrase 2-like	protein_coding	20925001	0.928944	32269
NC_133883.1	2701488	2720577	141873857	LOC141873857	gamma-aminobutyric acid receptor subunit beta-like	protein_coding	2685001	0.928640	32946
NC_133890.1	21088160	21101810	141893337	LOC141893337	beta-galactosidase-1-like protein 2	protein_coding	21075001	0.928244	22705
NC_133890.1	21032765	21055938	141891979	LOC141891979	protein ECT2-like	protein_coding	21075001	0.928244	22705
NC_133890.1	21056680	21076654	141893106	LOC141893106	uncharacterized LOC141893106	lncRNA	21075001	0.928244	22705
NC_133889.1	17017797	17022507	141889037	LOC141889037	uncharacterized LOC141889037	protein_coding	17045001	0.928049	25396
NC_133889.1	17023701	17035574	141889040	LOC141889040	inositol-tetrakisphosphate 1-kinase-like	protein_coding	17045001	0.928049	25396
NC_133889.1	17041440	17048366	141889408	LOC141889408	kelch-like protein 20	protein_coding	17045001	0.928049	25396
NC_133889.1	17062166	17067601	141889414	LOC141889414	uncharacterized LOC141889414	protein_coding	17045001	0.928049	25396
NC_133889.1	17067634	17070445	141889413	LOC141889413	uncharacterized LOC141889413	protein_coding	17045001	0.928049	25396
NC_133889.1	17048472	17057499	141889406	LOC141889406	alpha-(1,3)-fucosyltransferase 7-like	protein_coding	17045001	0.928049	25396
NC_133889.1	17037683	17042125	141889407	LOC141889407	uncharacterized LOC141889407	protein_coding	17045001	0.928049	25396
NC_133893.1	590917	598647	141859679	LOC141859679	uncharacterized LOC141859679	protein_coding	615001	0.927951	38101
NC_133893.1	608026	615794	141860635	LOC141860635	metabotropic glutamate receptor 3-like	protein_coding	615001	0.927951	38101
NC_133893.1	617737	622183	141860258	LOC141860258	DNA-directed RNA polymerase III subunit RPC10-like	protein_coding	615001	0.927951	38101
NC_133893.1	587566	590928	141859682	LOC141859682	enoyl-CoA hydratase EchA19-like	protein_coding	615001	0.927951	38101
NC_133893.1	599346	606533	141861067	LOC141861067	potassium voltage-gated channel subfamily A member 2-like	protein_coding	615001	0.927951	38101
NC_133893.1	622383	631129	141860257	LOC141860257	uncharacterized LOC141860257	protein_coding	615001	0.927951	38101
NC_133893.1	634611	642472	141860651	LOC141860651	lysophospholipid acyltransferase 2-like	protein_coding	615001	0.927951	38101
NC_133887.1	511861	514202	141884964	LOC141884964	major facilitator superfamily domain-containing protein 6-like	protein_coding	495001	0.927556	36357
NC_133887.1	518674	529609	141884554	LOC141884554	uncharacterized LOC141884554	protein_coding	495001	0.927556	36357
NC_133883.1	24461308	24462329	141874258	LOC141874258	uncharacterized LOC141874258	lncRNA	24445001	0.927442	35501
NC_133892.1	20756730	20782346	141896671	LOC141896671	liprin-alpha-1-like	protein_coding	20735001	0.927341	34064
NC_133892.1	19505002	19516699	141896764	LOC141896764	uncharacterized LOC141896764	protein_coding	19485001	0.927287	35110
NC_133887.1	6694158	6697139	141884153	LOC141884153	forkhead box protein O3-like	protein_coding	6675001	0.927217	32896
NC_133887.1	6697557	6700499	141884200	LOC141884200	uncharacterized LOC141884200	lncRNA	6675001	0.927217	32896
NC_133892.1	11283074	11284879	141897028	LOC141897028	tubulin epsilon and delta complex protein 1-like	protein_coding	11265001	0.927153	31192
NC_133892.1	11284894	11345433	141897025	LOC141897025	centrosomal protein of 112 kDa-like	protein_coding	11265001	0.927153	31192
NC_133892.1	19995867	20003981	141897185	LOC141897185	arylsulfatase B-like	protein_coding	20025001	0.927068	32138
NC_133892.1	20005538	20013266	141897184	LOC141897184	arylsulfatase J-like	protein_coding	20025001	0.927068	32138
NC_133892.1	20039796	20043231	141898071	LOC141898071	uncharacterized LOC141898071	protein_coding	20025001	0.927068	32138
NC_133892.1	20046341	20047406	141898012	LOC141898012	uncharacterized LOC141898012	protein_coding	20025001	0.927068	32138
NC_133892.1	20047659	20050606	141896505	LOC141896505	uncharacterized LOC141896505	protein_coding	20025001	0.927068	32138
NC_133892.1	20013303	20034881	141897177	LOC141897177	DNA damage-binding protein 1-like	protein_coding	20025001	0.927068	32138
NC_133892.1	20036090	20038261	141897195	LOC141897195	uncharacterized LOC141897195	lncRNA	20025001	0.927068	32138
NC_133895.1	2223839	2230717	141866399	LOC141866399	thiosulfate sulfurtransferase-like	protein_coding	2205001	0.926968	30860
NC_133891.1	3343382	3348441	141895160	LOC141895160	uncharacterized LOC141895160	lncRNA	3325001	0.926931	33706
NC_133891.1	3348577	3363058	141895159	LOC141895159	uncharacterized LOC141895159	protein_coding	3325001	0.926931	33706
NC_133891.1	3405937	3417811	141894096	LOC141894096	uncharacterized LOC141894096	protein_coding	3385001	0.926891	40131
NC_133890.1	18779440	18782848	141892007	LOC141892007	major facilitator superfamily domain-containing protein 6-like	protein_coding	18805001	0.926815	34624
NC_133890.1	18782795	18784421	141892021	LOC141892021	trace amine-associated receptor 9-like	protein_coding	18805001	0.926815	34624
NC_133890.1	18787121	18790330	141892020	LOC141892020	trace amine-associated receptor 9-like	protein_coding	18805001	0.926815	34624
NC_133890.1	18793573	18800816	141892035	LOC141892035	small ribosomal subunit protein eS19-like	protein_coding	18805001	0.926815	34624
NC_133890.1	18801239	18808596	141891706	LOC141891706	uncharacterized LOC141891706	protein_coding	18805001	0.926815	34624
NC_133890.1	18812823	18814016	141892034	LOC141892034	NPC intracellular cholesterol transporter 2-like	protein_coding	18805001	0.926815	34624
NC_133890.1	18808736	18811334	141892026	LOC141892026	uncharacterized LOC141892026	protein_coding	18805001	0.926815	34624
NC_133890.1	18816639	18835173	141892031	LOC141892031	uncharacterized LOC141892031	protein_coding	18805001	0.926815	34624
NC_133884.1	19365178	19378971	141875812	LOC141875812	glyoxylate reductase/hydroxypyruvate reductase-like	protein_coding	19345001	0.926387	32030
NC_133882.1	5614641	5616263	141877840	LOC141877840	uncharacterized LOC141877840	lncRNA	5595001	0.926371	34266
NC_133882.1	5617725	5627141	141877832	LOC141877832	bcl-2-like protein 2	protein_coding	5595001	0.926371	34266
NC_133889.1	17079125	17081448	141889894	LOC141889894	E3 ubiquitin-protein ligase NRDP1-like	protein_coding	17055001	0.926344	27106
NC_133889.1	17071297	17078023	141889893	LOC141889893	zinc finger CCHC domain-containing protein 8-like	protein_coding	17055001	0.926344	27106
NC_133892.1	1375029	1404114	141896651	LOC141896651	von Willebrand factor A domain-containing protein 3A-like	protein_coding	1355001	0.926116	31219
NC_133883.1	2528248	2530971	141874030	LOC141874030	major facilitator superfamily domain-containing protein 12-like	protein_coding	2555001	0.926095	35376
NC_133883.1	2533331	2547442	141874024	LOC141874024	uncharacterized LOC141874024	protein_coding	2555001	0.926095	35376
NC_133883.1	2551630	2562895	141874025	LOC141874025	uncharacterized LOC141874025	protein_coding	2555001	0.926095	35376
NC_133883.1	2563040	2578790	141874021	LOC141874021	uncharacterized LOC141874021	protein_coding	2555001	0.926095	35376
NC_133891.1	3508467	3516097	141895359	LOC141895359	uncharacterized LOC141895359	protein_coding	3535001	0.925873	38750
NC_133891.1	3540738	3542254	141894756	LOC141894756	BTB/POZ domain-containing protein 6-like	protein_coding	3535001	0.925873	38750
NC_133891.1	3557010	3559092	141894757	LOC141894757	uncharacterized protein YwbO-like	protein_coding	3535001	0.925873	38750
NC_133891.1	3542400	3556828	141894750	LOC141894750	protocadherin Fat 4-like	protein_coding	3535001	0.925873	38750
NC_133891.1	3559743	3597618	141894749	LOC141894749	neurofibromin-like	protein_coding	3535001	0.925873	38750
NC_133891.1	3518369	3540556	141894755	LOC141894755	elongation factor Tu-like	protein_coding	3535001	0.925873	38750
NC_133884.1	19300506	19312233	141875625	LOC141875625	crk-like protein	protein_coding	19325001	0.925684	27442
NC_133884.1	19302671	19304094	141875627	LOC141875627	uncharacterized LOC141875627	lncRNA	19325001	0.925684	27442
NC_133884.1	19291284	19300478	141875624	LOC141875624	NSFL1 cofactor p47-like	protein_coding	19325001	0.925684	27442
NC_133884.1	19318675	19340541	141876801	LOC141876801	CCR4-NOT transcription complex subunit 4-like	protein_coding	19325001	0.925684	27442
NC_133884.1	19341120	19366114	141875811	LOC141875811	DNA-binding protein RFX6-like	protein_coding	19325001	0.925684	27442
NC_133889.1	17085156	17097927	141889542	LOC141889542	uncharacterized LOC141889542	protein_coding	17065001	0.925531	27552
NC_133891.1	3315389	3317206	141895154	LOC141895154	uncharacterized LOC141895154	lncRNA	3315001	0.925412	33531
NC_133891.1	3327699	3330892	141895151	LOC141895151	uncharacterized LOC141895151	lncRNA	3315001	0.925412	33531
NC_133891.1	3330024	3331434	141895153	LOC141895153	uncharacterized LOC141895153	lncRNA	3315001	0.925412	33531
NC_133891.1	3292200	3302253	141895137	LOC141895137	GDP-D-glucose phosphorylase 1-like	protein_coding	3315001	0.925412	33531
NC_133891.1	3305694	3314509	141895134	LOC141895134	GDP-D-glucose phosphorylase 1-like	protein_coding	3315001	0.925412	33531
NC_133891.1	3317437	3329519	141895123	LOC141895123	MAM and LDL-receptor class A domain-containing protein 1-like	protein_coding	3315001	0.925412	33531
NC_133891.1	3333763	3349135	141895156	LOC141895156	MAM and LDL-receptor class A domain-containing protein 1-like	protein_coding	3315001	0.925412	33531
NC_133882.1	9260923	9264735	141876657	LOC141876657	DNA-directed RNA polymerase II subunit RPB11-a-like	protein_coding	9285001	0.925391	28734
NC_133882.1	9263835	9271124	141890012	LOC141890012	protein boule-like	protein_coding	9285001	0.925391	28734
NC_133882.1	9294719	9297554	141876682	LOC141876682	uncharacterized LOC141876682	lncRNA	9285001	0.925391	28734
NC_133882.1	9249983	9260851	141876595	LOC141876595	uncharacterized LOC141876595	protein_coding	9285001	0.925391	28734
NC_133882.1	9271277	9280316	141876649	LOC141876649	uncharacterized LOC141876649	protein_coding	9285001	0.925391	28734
NC_133882.1	9286306	9294639	141876641	LOC141876641	uncharacterized LOC141876641	protein_coding	9285001	0.925391	28734
NC_133890.1	18159467	18164440	141892957	LOC141892957	uncharacterized LOC141892957	lncRNA	18135001	0.925003	38514
NC_133890.1	18151325	18158960	141893178	LOC141893178	uncharacterized LOC141893178	protein_coding	18135001	0.925003	38514
NC_133883.1	26653081	26654689	141873125	LOC141873125	uncharacterized LOC141873125	lncRNA	26635001	0.925001	29903
NC_133883.1	26658889	26665268	141873116	LOC141873116	ATP-binding cassette sub-family D member 2-like	protein_coding	26635001	0.925001	29903
NC_133883.1	26659162	26660786	141873124	LOC141873124	uncharacterized LOC141873124	lncRNA	26635001	0.925001	29903
NC_133883.1	26649982	26659016	141873112	LOC141873112	ATP-binding cassette sub-family D member 2-like	protein_coding	26635001	0.925001	29903
NC_133882.1	18937494	18938390	141884151	LOC141884151	uncharacterized LOC141884151	lncRNA	18935001	0.924886	33305
NC_133882.1	18907874	18928168	141880972	LOC141880972	E3 ubiquitin-protein ligase COP1-like	protein_coding	18935001	0.924886	33305
NC_133882.1	18932146	18942390	141884110	LOC141884110	WD repeat-containing protein 5-like	protein_coding	18935001	0.924886	33305
NC_133882.1	18943847	18960139	141884045	LOC141884045	phosphatidylinositol 4-kinase beta-like	protein_coding	18935001	0.924886	33305
NC_133893.1	642535	653595	141860650	LOC141860650	lysophospholipid acyltransferase 2-like	protein_coding	625001	0.924831	37075
NC_133882.1	4634338	4638390	141860938	LOC141860938	uncharacterized LOC141860938	lncRNA	4615001	0.924586	35646
NC_133883.1	12407033	12426072	141873559	LOC141873559	GDP-L-fucose synthase-like	protein_coding	12445001	0.924507	28105
NC_133883.1	12433293	12541256	141873484	LOC141873484	uncharacterized LOC141873484	protein_coding	12445001	0.924507	28105
NC_133883.1	2642482	2645830	141873490	LOC141873490	dickkopf-related protein 3-like	protein_coding	2625001	0.924236	36794
NC_133883.1	2646400	2653236	141873489	LOC141873489	uncharacterized LOC141873489	protein_coding	2625001	0.924236	36794
NC_133888.1	1281441	1325200	141886708	LOC141886708	5'-3' exoribonuclease 2-like	protein_coding	1265001	0.924234	6595
NC_133891.1	3417731	3484020	141895155	LOC141895155	uncharacterized LOC141895155	protein_coding	3395001	0.924196	42141
NC_133883.1	2654416	2657405	141874029	LOC141874029	uncharacterized LOC141874029	protein_coding	2635001	0.924073	37290
NC_133883.1	2659935	2668185	141874704	LOC141874704	gamma-aminobutyric acid receptor subunit beta-1-like	protein_coding	2635001	0.924073	37290
NC_133882.1	5531471	5535703	141883297	LOC141883297	uncharacterized LOC141883297	protein_coding	5555001	0.923977	40529
NC_133882.1	5557586	5561032	141883426	LOC141883426	uncharacterized LOC141883426	lncRNA	5555001	0.923977	40529
NC_133882.1	5530054	5559731	141883341	LOC141883341	synaptotagmin-7-like	protein_coding	5555001	0.923977	40529
NC_133882.1	5552596	5555713	141883399	LOC141883399	uncharacterized LOC141883399	protein_coding	5555001	0.923977	40529
NC_133882.1	5570529	5602246	141883287	LOC141883287	chromodomain-helicase-DNA-binding protein 1-like	protein_coding	5555001	0.923977	40529
NC_133892.1	14619260	14626907	141897471	LOC141897471	vesicle transport protein GOT1B-like	protein_coding	14595001	0.923330	34303
NC_133883.1	21601561	21602825	141874976	LOC141874976	uncharacterized LOC141874976	protein_coding	21605001	0.923323	25514
NC_133883.1	21617161	21617577	141873701	LOC141873701	protein ABHD14A-like	protein_coding	21605001	0.923323	25514
NC_133883.1	21617939	21618355	141873567	LOC141873567	uncharacterized LOC141873567	lncRNA	21605001	0.923323	25514
NC_133883.1	21619161	21644638	141873564	LOC141873564	uncharacterized LOC141873564	protein_coding	21605001	0.923323	25514
NC_133892.1	9125763	9153462	141897000	LOC141897000	DNA excision repair protein ERCC-6-like	protein_coding	9175001	0.923304	34994
NC_133892.1	9189217	9198823	141897530	LOC141897530	axin-1-like	protein_coding	9175001	0.923304	34994
NC_133892.1	9154442	9183634	141897381	LOC141897381	nuclear pore complex protein Nup85-like	protein_coding	9175001	0.923304	34994
NC_133891.1	3373901	3374599	141894089	LOC141894089	uncharacterized LOC141894089	protein_coding	3355001	0.923301	37020
NC_133891.1	3376046	3382993	141894091	LOC141894091	collagen alpha-4(VI) chain-like	protein_coding	3355001	0.923301	37020
NC_133891.1	3374800	3375811	141894090	LOC141894090	uncharacterized LOC141894090	protein_coding	3355001	0.923301	37020
NC_133888.1	1195939	1198615	141886104	LOC141886104	QRFP-like peptide receptor	protein_coding	1215001	0.923299	32218
NC_133888.1	1204028	1281614	141886707	LOC141886707	myosin-IIIb-like	protein_coding	1215001	0.923299	32218
NC_133888.1	1143239	1192003	141886102	LOC141886102	uncharacterized LOC141886102	protein_coding	1215001	0.923299	32218
NC_133882.1	18971752	18986803	141887341	LOC141887341	uncharacterized LOC141887341	protein_coding	18955001	0.923199	30624
NC_133883.1	8528997	8535859	141873956	LOC141873956	uncharacterized LOC141873956	protein_coding	8505001	0.923128	31142
NC_133892.1	14632258	14640978	141897470	LOC141897470	uncharacterized LOC141897470	protein_coding	14615001	0.923002	31464
NC_133884.1	12586527	12592489	141875698	LOC141875698	metallophosphoesterase 1-like	protein_coding	12565001	0.922921	30979
NC_133883.1	5227666	5238984	141875052	LOC141875052	mitochondrial carrier homolog 2-like	protein_coding	5205001	0.922902	28787
NC_133883.1	5225129	5227238	141875053	LOC141875053	uncharacterized LOC141875053	protein_coding	5205001	0.922902	28787
NC_133887.1	22857990	22863729	141883382	LOC141883382	uncharacterized LOC141883382	protein_coding	22885001	0.922854	32826
NC_133887.1	22872136	22878096	141884524	LOC141884524	adaptin ear-binding coat-associated protein 2-like	protein_coding	22885001	0.922854	32826
NC_133887.1	22878141	22882421	141883536	LOC141883536	shieldin complex subunit 3-like	protein_coding	22885001	0.922854	32826
NC_133887.1	22893568	22896506	141883537	LOC141883537	cytochrome b5 domain-containing protein 1-like	protein_coding	22885001	0.922854	32826
NC_133887.1	22888440	22891872	141883534	LOC141883534	tetratricopeptide repeat protein 17-like	protein_coding	22885001	0.922854	32826
NC_133887.1	22896601	22910493	141883524	LOC141883524	peroxisomal targeting signal 1 receptor-like	protein_coding	22885001	0.922854	32826
NC_133885.1	20388547	20396859	141878800	LOC141878800	uncharacterized LOC141878800	lncRNA	20395001	0.922819	30052
NC_133885.1	20399425	20400395	141878802	LOC141878802	uncharacterized LOC141878802	lncRNA	20395001	0.922819	30052
NC_133885.1	20399458	20405040	141878798	LOC141878798	protein Wnt-2b-A-like	protein_coding	20395001	0.922819	30052
NC_133885.1	20405380	20411771	141878803	LOC141878803	uncharacterized LOC141878803	lncRNA	20395001	0.922819	30052
NC_133885.1	20369734	20388130	141879140	LOC141879140	protein ST7 homolog	protein_coding	20395001	0.922819	30052
NC_133885.1	20407753	20415306	141878799	LOC141878799	protein Wnt-2b-like	protein_coding	20395001	0.922819	30052
NC_133885.1	20415661	20434758	141878797	LOC141878797	ankyrin repeat, SAM and basic leucine zipper domain-containing protein 1-like	protein_coding	20395001	0.922819	30052
NC_133891.1	3363304	3368897	141894087	LOC141894087	vitrin-like	protein_coding	3345001	0.922786	35575
NC_133891.1	3369298	3373731	141894088	LOC141894088	uncharacterized LOC141894088	protein_coding	3345001	0.922786	35575
NC_133887.1	6702373	6740727	141884133	LOC141884133	DNA polymerase zeta catalytic subunit-like	protein_coding	6685001	0.922661	32810
NC_133887.1	2393098	2395671	141883267	LOC141883267	GDP-fucose protein O-fucosyltransferase 3-like	protein_coding	2415001	0.922546	32824
NC_133887.1	2395947	2399680	141883270	LOC141883270	uncharacterized LOC141883270	protein_coding	2415001	0.922546	32824
NC_133887.1	2417466	2418753	141883269	LOC141883269	cystatin-B-like	protein_coding	2415001	0.922546	32824
NC_133887.1	2418548	2423059	141883268	LOC141883268	protein MIX23-like	protein_coding	2415001	0.922546	32824
NC_133887.1	2427054	2434788	141884658	LOC141884658	cysteine and histidine-rich domain-containing protein 1-like	protein_coding	2415001	0.922546	32824
NC_133887.1	2378136	2394408	141883264	LOC141883264	polyphosphoinositide phosphatase-like	protein_coding	2415001	0.922546	32824
NC_133887.1	2400942	2417453	141883265	LOC141883265	putative ATP-dependent RNA helicase DDX10	protein_coding	2415001	0.922546	32824
NC_133887.1	2423229	2425636	141883266	LOC141883266	putative tubulin polyglutamylase TTLL2	protein_coding	2415001	0.922546	32824
NC_133887.1	2436270	2494107	141883736	LOC141883736	uncharacterized LOC141883736	protein_coding	2415001	0.922546	32824
NC_133882.1	7998483	8000365	141874435	LOC141874435	transmembrane protein 163a-like	protein_coding	7975001	0.922357	30974
NC_133882.1	7938269	7963448	141885429	LOC141885429	nephrocystin-1-like	protein_coding	7975001	0.922357	30974
NC_133882.1	7966118	7993652	141879569	LOC141879569	scavenger receptor cysteine-rich type 1 protein M160-like	protein_coding	7975001	0.922357	30974
NC_133889.1	4370297	4371883	141888875	LOC141888875	uncharacterized LOC141888875	protein_coding	4355001	0.922135	32227
NC_133889.1	4373009	4406345	141888859	LOC141888859	regulator of microtubule dynamics protein 1-like	protein_coding	4355001	0.922135	32227
NC_133884.1	12551696	12553279	141877134	LOC141877134	serine protease 23-like	protein_coding	12555001	0.922134	34471
NC_133884.1	12566747	12578605	141875697	LOC141875697	RNA-binding protein 39-like	protein_coding	12555001	0.922134	34471
NC_133884.1	12578752	12581003	141875699	LOC141875699	RYamide receptor-like	protein_coding	12555001	0.922134	34471
NC_133884.1	12528856	12545229	141876404	LOC141876404	large ribosomal subunit protein mL52-like	protein_coding	12555001	0.922134	34471
NC_133884.1	12558218	12566662	141876386	LOC141876386	charged multivesicular body protein 1a-like	protein_coding	12555001	0.922134	34471
NC_133883.1	5238966	5249811	141875051	LOC141875051	COP9 signalosome complex subunit 4-like	protein_coding	5215001	0.922106	29628
NC_133887.1	751784	765508	141883386	LOC141883386	ubiquitin carboxyl-terminal hydrolase 16-like	protein_coding	735001	0.921781	37349
NC_133885.1	20089805	20094308	141878294	LOC141878294	protein YIPF5-like	protein_coding	20085001	0.921775	24463
NC_133885.1	20070328	20074815	141878290	LOC141878290	large ribosomal subunit protein uL6-like	protein_coding	20085001	0.921775	24463
NC_133885.1	20074923	20089237	141878293	LOC141878293	uncharacterized LOC141878293	protein_coding	20085001	0.921775	24463
NC_133885.1	20094318	20107704	141878291	LOC141878291	H(+)/Cl(-) exchange transporter 5-like	protein_coding	20085001	0.921775	24463
NC_133885.1	20108173	20123844	141878292	LOC141878292	gamma-aminobutyric acid type B receptor subunit 2-like	protein_coding	20085001	0.921775	24463
NC_133882.1	29904328	29907406	141892372	LOC141892372	uncharacterized LOC141892372	protein_coding	29925001	0.921682	31684
NC_133882.1	29919258	29924513	141874014	LOC141874014	calumenin-A-like	protein_coding	29925001	0.921682	31684
NC_133882.1	29925797	29929389	141874007	LOC141874007	calumenin-A-like	protein_coding	29925001	0.921682	31684
NC_133882.1	29940097	29942303	141873367	LOC141873367	uncharacterized LOC141873367	lncRNA	29925001	0.921682	31684
NC_133882.1	29907460	29919268	141873991	LOC141873991	uncharacterized LOC141873991	protein_coding	29925001	0.921682	31684
NC_133882.1	29931233	29936854	141873999	LOC141873999	uncharacterized LOC141873999	protein_coding	29925001	0.921682	31684
NC_133882.1	29942604	29956335	141873307	LOC141873307	alkylglycerol monooxygenase-like	protein_coding	29925001	0.921682	31684
NC_133884.1	12590755	12591892	141875701	LOC141875701	uncharacterized LOC141875701	lncRNA	12575001	0.921637	30791
NC_133884.1	12593968	12600003	141876868	LOC141876868	adenosylhomocysteinase B-like	protein_coding	12575001	0.921637	30791
NC_133883.1	2633977	2636930	141874027	LOC141874027	uncharacterized LOC141874027	protein_coding	2615001	0.921481	35559
NC_133883.1	2637221	2641920	141873491	LOC141873491	dickkopf-related protein 3-like	protein_coding	2615001	0.921481	35559
NC_133882.1	9314443	9348435	141895832	LOC141895832	uncharacterized LOC141895832	protein_coding	9295001	0.921472	28563
NC_133887.1	6277175	6278761	141884032	LOC141884032	putative diacylglycerol O-acyltransferase MT1809	protein_coding	6265001	0.921444	29780
NC_133887.1	6286951	6290191	141884973	LOC141884973	uncharacterized LOC141884973	lncRNA	6265001	0.921444	29780
NC_133887.1	6205306	6276022	141883949	LOC141883949	dynein axonemal heavy chain 8-like	protein_coding	6265001	0.921444	29780
NC_133883.1	8471651	8472643	141868418	LOC141868418	adenosine receptor A2b-like	protein_coding	8455001	0.921268	29989
NC_133892.1	11232610	11233338	141896418	LOC141896418	uncharacterized LOC141896418	protein_coding	11235001	0.921161	36044
NC_133892.1	11257215	11257958	141898042	LOC141898042	uncharacterized LOC141898042	lncRNA	11235001	0.921161	36044
NC_133892.1	11198493	11231105	141897037	LOC141897037	uncharacterized LOC141897037	protein_coding	11235001	0.921161	36044
NC_133892.1	11234890	11258357	141898041	LOC141898041	fatty acid synthase-like	protein_coding	11235001	0.921161	36044
NC_133894.1	18344127	18349600	141864317	LOC141864317	uncharacterized LOC141864317	protein_coding	18325001	0.921150	38846
NC_133894.1	18349744	18356963	141864313	LOC141864313	uncharacterized LOC141864313	protein_coding	18325001	0.921150	38846
NC_133889.1	5095500	5110393	141890080	LOC141890080	uncharacterized LOC141890080	protein_coding	5135001	0.920970	39365
NC_133889.1	5147404	5158285	141889291	LOC141889291	uncharacterized LOC141889291	lncRNA	5135001	0.920970	39365
NC_133889.1	5114402	5149895	141889290	LOC141889290	bone morphogenetic protein 2-A-like	protein_coding	5135001	0.920970	39365
NC_133889.1	5111205	5112785	141889450	LOC141889450	uncharacterized LOC141889450	lncRNA	5135001	0.920970	39365
NC_133895.1	13586094	13593256	141865394	LOC141865394	uncharacterized LOC141865394	protein_coding	13585001	0.920956	34901
NC_133895.1	13590968	13593303	141865408	LOC141865408	uncharacterized LOC141865408	lncRNA	13585001	0.920956	34901
NC_133895.1	13554836	13579880	141865382	LOC141865382	microtubule-associated serine/threonine-protein kinase 3-like	protein_coding	13585001	0.920956	34901
NC_133895.1	13582163	13585037	141866563	LOC141866563	histone chaperone asf1a-A-like	protein_coding	13585001	0.920956	34901
NC_133895.1	13596146	13604901	141865387	LOC141865387	uncharacterized LOC141865387	protein_coding	13585001	0.920956	34901
NC_133895.1	13605880	13637063	141865385	LOC141865385	adhesion G protein-coupled receptor L4-like	protein_coding	13585001	0.920956	34901
NC_133887.1	6361695	6365827	141883578	LOC141883578	uncharacterized LOC141883578	lncRNA	6375001	0.920946	31097
NC_133887.1	6363337	6365500	141883928	LOC141883928	uncharacterized LOC141883928	protein_coding	6375001	0.920946	31097
NC_133887.1	6365965	6370859	141883569	LOC141883569	uncharacterized LOC141883569	protein_coding	6375001	0.920946	31097
NC_133887.1	6380135	6382530	141883575	LOC141883575	uncharacterized LOC141883575	protein_coding	6375001	0.920946	31097
NC_133887.1	6323298	6353390	141884670	LOC141884670	tudor domain-containing protein 1-like	protein_coding	6375001	0.920946	31097
NC_133887.1	6353471	6361690	141883566	LOC141883566	chromatin assembly factor 1 subunit B-like	protein_coding	6375001	0.920946	31097
NC_133887.1	6373337	6375859	141883577	LOC141883577	uncharacterized LOC141883577	lncRNA	6375001	0.920946	31097
NC_133887.1	6381947	6398030	141883567	LOC141883567	paraspeckle component 1-like	protein_coding	6375001	0.920946	31097
NC_133887.1	6398127	6411177	141883563	LOC141883563	U3 small nucleolar RNA-associated protein 14 homolog A-like	protein_coding	6375001	0.920946	31097
NC_133891.1	20974114	20984633	141893921	LOC141893921	uncharacterized LOC141893921	protein_coding	20955001	0.920788	32631
NC_133891.1	20968595	20972618	141894806	LOC141894806	uncharacterized LOC141894806	protein_coding	20955001	0.920788	32631
NC_133895.1	2211673	2223133	141866394	LOC141866394	uncharacterized LOC141866394	protein_coding	2195001	0.920737	31712
NC_133887.1	740417	747880	141885182	LOC141885182	flavin reductase (NADPH)-like	protein_coding	725001	0.920730	38368
NC_133887.1	741918	744811	141885186	LOC141885186	uncharacterized LOC141885186	lncRNA	725001	0.920730	38368
NC_133887.1	743572	744969	141885188	LOC141885188	uncharacterized LOC141885188	lncRNA	725001	0.920730	38368
NC_133887.1	747979	750154	141885184	LOC141885184	uncharacterized LOC141885184	lncRNA	725001	0.920730	38368
NC_133885.1	20124122	20125139	141879903	LOC141879903	uncharacterized LOC141879903	lncRNA	20105001	0.920662	28617
NC_133885.1	20128600	20132691	141878295	LOC141878295	uncharacterized LOC141878295	lncRNA	20105001	0.920662	28617
NC_133891.1	3100147	3125047	141895117	LOC141895117	voltage-dependent calcium channel subunit alpha-2/delta-1-like	protein_coding	3085001	0.920478	30596
NC_133888.1	1303992	1306428	141886713	LOC141886713	nicolin-1-like	protein_coding	1285001	0.920468	18637
NC_133892.1	14707126	14715824	141897620	LOC141897620	RING finger protein 141-like	protein_coding	14685001	0.920437	34145
NC_133887.1	6635884	6639507	141884154	LOC141884154	fatty-acid amide hydrolase 2-A-like	protein_coding	6655001	0.920277	33046
NC_133887.1	6639648	6652543	141884155	LOC141884155	sestrin-1-like	protein_coding	6655001	0.920277	33046
NC_133887.1	6654193	6670515	141884146	LOC141884146	polycomb protein SCMH1-like	protein_coding	6655001	0.920277	33046
NC_133887.1	6674636	6702117	141884142	LOC141884142	uncharacterized LOC141884142	protein_coding	6655001	0.920277	33046
NC_133890.1	16231701	16250417	141891722	LOC141891722	centrosomal protein of 63 kDa-like	protein_coding	16215001	0.920216	35953
NC_133886.1	18857103	18861173	141881992	LOC141881992	uncharacterized LOC141881992	lncRNA	18835001	0.919530	32660
NC_133891.1	20907988	20919878	141893873	LOC141893873	vacuole membrane protein 1-like	protein_coding	20915001	0.919516	34275
NC_133891.1	20879573	20897458	141893870	LOC141893870	vacuolar protein sorting-associated protein 53 homolog	protein_coding	20915001	0.919516	34275
NC_133891.1	20898070	20906206	141893874	LOC141893874	nucleoredoxin-like	protein_coding	20915001	0.919516	34275
NC_133891.1	20927344	20966942	141894534	LOC141894534	A-kinase anchor protein 1, mitochondrial-like	protein_coding	20915001	0.919516	34275
NC_133892.1	19447967	19452499	141897072	LOC141897072	uncharacterized LOC141897072	protein_coding	19475001	0.919499	33869
NC_133892.1	19431383	19452973	141897073	LOC141897073	uncharacterized LOC141897073	lncRNA	19475001	0.919499	33869
NC_133892.1	19452942	19465020	141897070	LOC141897070	nose resistant to fluoxetine protein 6-like	protein_coding	19475001	0.919499	33869
NC_133892.1	19492072	19504939	141896763	LOC141896763	toll-like receptor 6	protein_coding	19475001	0.919499	33869
NC_133891.1	100368	101296	141893960	LOC141893960	uncharacterized LOC141893960	protein_coding	115001	0.918979	32369
NC_133891.1	101159	104595	141893958	LOC141893958	uncharacterized LOC141893958	protein_coding	115001	0.918979	32369
NC_133891.1	105511	110665	141893954	LOC141893954	uncharacterized LOC141893954	protein_coding	115001	0.918979	32369
NC_133891.1	88410	100263	141893952	LOC141893952	N-lysine methyltransferase setd6-like	protein_coding	115001	0.918979	32369
NC_133891.1	110610	116417	141893959	LOC141893959	aflatoxin B1 aldehyde reductase member 4-like	protein_coding	115001	0.918979	32369
NC_133891.1	138398	149983	141893951	LOC141893951	SET and MYND domain-containing protein 4-like	protein_coding	115001	0.918979	32369
NC_133891.1	129619	139882	141893955	LOC141893955	aflatoxin B1 aldehyde reductase member 2-like	protein_coding	115001	0.918979	32369
NC_133886.1	18785493	18789779	141880613	LOC141880613	(3R)-3-hydroxyacyl-CoA dehydrogenase-like	protein_coding	18805001	0.918914	31215
NC_133886.1	18814250	18816259	141882012	LOC141882012	uncharacterized LOC141882012	lncRNA	18805001	0.918914	31215
NC_133886.1	18774980	18784768	141880612	LOC141880612	uncharacterized LOC141880612	protein_coding	18805001	0.918914	31215
NC_133886.1	18790259	18806203	141880611	LOC141880611	serine/threonine-protein kinase tousled-like 2	protein_coding	18805001	0.918914	31215
NC_133886.1	18817724	18856735	141881991	LOC141881991	uncharacterized LOC141881991	protein_coding	18805001	0.918914	31215
NC_133887.1	11196040	11230661	141883634	LOC141883634	phenylalanine--tRNA ligase beta subunit-like	protein_coding	11245001	0.918832	36138
NC_133887.1	11230719	11261536	141883637	LOC141883637	uncharacterized LOC141883637	lncRNA	11245001	0.918832	36138
NC_133883.1	14404958	14414060	141874913	LOC141874913	putative methyltransferase TARBP1	protein_coding	14425001	0.918724	35859
NC_133883.1	14413920	14415379	141874918	LOC141874918	melatonin receptor type 1A-like	protein_coding	14425001	0.918724	35859
NC_133883.1	14397085	14401812	141873480	LOC141873480	uncharacterized LOC141873480	protein_coding	14425001	0.918724	35859
NC_133883.1	14430179	14452125	141874915	LOC141874915	sodium-dependent neutral amino acid transporter B(0)AT3-like	protein_coding	14425001	0.918724	35859
NC_133883.1	14416434	14428696	141874916	LOC141874916	sodium- and chloride-dependent transporter XTRP3-like	protein_coding	14425001	0.918724	35859
NC_133892.1	20693229	20700570	141897160	LOC141897160	sorting and assembly machinery component 50 homolog	protein_coding	20725001	0.918719	33314
NC_133892.1	20700593	20704213	141897161	LOC141897161	hsp70-binding protein 1-like	protein_coding	20725001	0.918719	33314
NC_133892.1	20702998	20705037	141897163	LOC141897163	uncharacterized LOC141897163	protein_coding	20725001	0.918719	33314
NC_133892.1	20743008	20754380	141896675	LOC141896675	leucine-rich repeat-containing protein 56-like	protein_coding	20725001	0.918719	33314
NC_133892.1	20706826	20732272	141896672	LOC141896672	lutropin-choriogonadotropic hormone receptor-like	protein_coding	20725001	0.918719	33314
NC_133893.1	658098	659954	141860956	LOC141860956	uncharacterized LOC141860956	lncRNA	635001	0.918680	35766
NC_133893.1	654797	658012	141860955	LOC141860955	uncharacterized LOC141860955	protein_coding	635001	0.918680	35766
NC_133891.1	4882296	4890955	141894434	LOC141894434	peroxisomal acyl-coenzyme A oxidase 3-like	protein_coding	4865001	0.918529	33989
NC_133883.1	26922876	26934926	141874640	LOC141874640	putative cytochrome P450 120	protein_coding	26905001	0.918518	34958
NC_133887.1	733838	739799	141885183	LOC141885183	flavin reductase (NADPH)-like	protein_coding	715001	0.918463	37307
NC_133888.1	20401038	20410416	141885852	LOC141885852	malonate--CoA ligase ACSF3, mitochondrial-like	protein_coding	20435001	0.918371	38307
NC_133888.1	20414396	20429485	141886735	LOC141886735	H2.0-like homeobox protein	protein_coding	20435001	0.918371	38307
NC_133888.1	20435212	20455321	141887271	LOC141887271	uncharacterized LOC141887271	lncRNA	20435001	0.918371	38307
NC_133888.1	20435533	20454459	141887270	LOC141887270	forkhead box protein A2-A-like	protein_coding	20435001	0.918371	38307
NC_133893.1	19476155	19476229	141862657	Trnaa-ggc	transfer RNA alanine (anticodon GGC)	tRNA	19495001	0.918270	32465
NC_133893.1	19484763	19488893	141860294	LOC141860294	receptor-binding cancer antigen expressed on SiSo cells-like	protein_coding	19495001	0.918270	32465
NC_133893.1	19489457	19494836	141860296	LOC141860296	uncharacterized LOC141860296	protein_coding	19495001	0.918270	32465
NC_133893.1	19500581	19505497	141860283	LOC141860283	uncharacterized LOC141860283	protein_coding	19495001	0.918270	32465
NC_133893.1	19507174	19510616	141860290	LOC141860290	uncharacterized LOC141860290	protein_coding	19495001	0.918270	32465
NC_133893.1	19468831	19480829	141861182	LOC141861182	protein eyes shut homolog	protein_coding	19495001	0.918270	32465
NC_133893.1	19479702	19483716	141861186	LOC141861186	transmembrane protein 18-like	protein_coding	19495001	0.918270	32465
NC_133893.1	19494890	19500661	141860292	LOC141860292	uncharacterized LOC141860292	protein_coding	19495001	0.918270	32465
NC_133893.1	19510480	19516531	141860291	LOC141860291	nucleoporin NUP42-like	protein_coding	19495001	0.918270	32465
NC_133893.1	19517675	19535890	141860284	LOC141860284	NADPH oxidase 2-like	protein_coding	19495001	0.918270	32465
NC_133890.1	21223050	21224456	141892746	LOC141892746	uncharacterized LOC141892746	protein_coding	21245001	0.917806	35047
NC_133890.1	21255872	21256644	141892159	LOC141892159	uncharacterized LOC141892159	lncRNA	21245001	0.917806	35047
NC_133890.1	21246522	21252365	141892153	LOC141892153	sodium/potassium-transporting ATPase subunit beta-1-like	protein_coding	21245001	0.917806	35047
NC_133890.1	21252360	21285093	141892144	LOC141892144	diacylglycerol kinase delta-like	protein_coding	21245001	0.917806	35047
NC_133890.1	21217670	21242360	141892526	LOC141892526	cilia- and flagella-associated protein 44-like	protein_coding	21245001	0.917806	35047
NC_133883.1	2085377	2087039	141874578	LOC141874578	uncharacterized LOC141874578	lncRNA	2065001	0.917669	34505
NC_133889.1	4360130	4363054	141888874	LOC141888874	uncharacterized LOC141888874	protein_coding	4345001	0.917600	31372
NC_133889.1	4363498	4366063	141888871	LOC141888871	uncharacterized LOC141888871	protein_coding	4345001	0.917600	31372
NC_133889.1	4364294	4383679	141888872	LOC141888872	uncharacterized LOC141888872	protein_coding	4345001	0.917600	31372
NC_133891.1	3383437	3385928	141894092	LOC141894092	uncharacterized LOC141894092	protein_coding	3365001	0.917470	37145
NC_133891.1	3386636	3390264	141894093	LOC141894093	collagen alpha-1(XII) chain-like	protein_coding	3365001	0.917470	37145
NC_133887.1	192335	192408	141885460	Trnas-aga	transfer RNA serine (anticodon AGA)	tRNA	215001	0.917324	33298
NC_133887.1	214590	228361	141883477	LOC141883477	uncharacterized LOC141883477	lncRNA	215001	0.917324	33298
NC_133887.1	221079	226031	141885264	LOC141885264	single-stranded DNA-binding protein 3-like	protein_coding	215001	0.917324	33298
NC_133887.1	232351	237828	141883467	LOC141883467	small ribosomal subunit protein eS4-like	protein_coding	215001	0.917324	33298
NC_133887.1	237982	242580	141883463	LOC141883463	uncharacterized LOC141883463	protein_coding	215001	0.917324	33298
NC_133887.1	173210	196121	141883456	LOC141883456	uncharacterized LOC141883456	protein_coding	215001	0.917324	33298
NC_133887.1	196562	201004	141883472	LOC141883472	uncharacterized LOC141883472	lncRNA	215001	0.917324	33298
NC_133887.1	200978	215817	141883473	LOC141883473	uncharacterized LOC141883473	lncRNA	215001	0.917324	33298
NC_133887.1	211446	214425	141883464	LOC141883464	POU domain, class 3, transcription factor 4-like	protein_coding	215001	0.917324	33298
NC_133884.1	1583818	1587670	141875493	LOC141875493	riboflavin transporter 2-like	protein_coding	1585001	0.917204	34034
NC_133884.1	1588692	1598513	141877860	LOC141877860	uncharacterized LOC141877860	protein_coding	1585001	0.917204	34034
NC_133884.1	1600848	1616204	141876387	LOC141876387	uncharacterized LOC141876387	protein_coding	1585001	0.917204	34034
NC_133884.1	1547730	1573505	141875492	LOC141875492	acid phosphatase type 7-like	protein_coding	1585001	0.917204	34034
NC_133884.1	1564472	1579152	141875494	LOC141875494	uncharacterized LOC141875494	protein_coding	1585001	0.917204	34034
NC_133891.1	153901	160976	141895465	LOC141895465	glycosyltransferase-like protein gnt15	protein_coding	155001	0.917160	36338
NC_133891.1	161215	161296	141895821	Trnas-aga	transfer RNA serine (anticodon AGA)	tRNA	155001	0.917160	36338
NC_133891.1	175293	178542	141895464	LOC141895464	coronin-1C-like	protein_coding	155001	0.917160	36338
NC_133891.1	159799	175253	141895463	LOC141895463	sphingomyelin phosphodiesterase 4-like	protein_coding	155001	0.917160	36338
NC_133891.1	179153	218611	141895462	LOC141895462	helicase domino-like	protein_coding	155001	0.917160	36338
NC_133886.1	23933247	23954994	141881048	LOC141881048	uncharacterized LOC141881048	protein_coding	23915001	0.917018	31787
NC_133891.1	3395865	3405870	141894095	LOC141894095	uncharacterized LOC141894095	protein_coding	3375001	0.916965	38006
NC_133891.1	3390339	3395769	141894094	LOC141894094	uncharacterized LOC141894094	protein_coding	3375001	0.916965	38006
NC_133892.1	14659292	14667907	141897650	LOC141897650	uncharacterized LOC141897650	protein_coding	14665001	0.916750	29082
NC_133892.1	14668869	14691010	141897653	LOC141897653	tumor protein p53-inducible protein 11-like	protein_coding	14665001	0.916750	29082
NC_133892.1	20121335	20130406	141897271	LOC141897271	uncharacterized LOC141897271	protein_coding	20155001	0.916518	33972
NC_133892.1	20143075	20147944	141897182	LOC141897182	uncharacterized LOC141897182	protein_coding	20155001	0.916518	33972
NC_133892.1	20148059	20149265	141897191	LOC141897191	uncharacterized LOC141897191	protein_coding	20155001	0.916518	33972
NC_133892.1	20152742	20158625	141897183	LOC141897183	uncharacterized LOC141897183	protein_coding	20155001	0.916518	33972
NC_133892.1	20160967	20166196	141897190	LOC141897190	protein ILRUN-like	protein_coding	20155001	0.916518	33972
NC_133892.1	20133994	20140755	141897270	LOC141897270	uncharacterized LOC141897270	protein_coding	20155001	0.916518	33972
NC_133892.1	20176919	20188229	141897526	LOC141897526	harmonin-like	protein_coding	20155001	0.916518	33972
NC_133883.1	26973523	26976826	141874645	LOC141874645	protein phosphatase 1 regulatory subunit 3B-like	protein_coding	26975001	0.916328	29658
NC_133883.1	26980313	26984422	141874644	LOC141874644	protein FAM204A-like	protein_coding	26975001	0.916328	29658
NC_133883.1	26984682	26998286	141874207	LOC141874207	lysyl oxidase homolog 3A-like	protein_coding	26975001	0.916328	29658
NC_133883.1	26988966	26991119	141874208	LOC141874208	uncharacterized LOC141874208	lncRNA	26975001	0.916328	29658
NC_133883.1	26935159	26958007	141874639	LOC141874639	insulin-degrading enzyme-like	protein_coding	26975001	0.916328	29658
NC_133883.1	26958042	26968961	141874642	LOC141874642	DNA replication complex GINS protein SLD5-like	protein_coding	26975001	0.916328	29658
NC_133883.1	26999213	27023422	141873716	LOC141873716	scavenger receptor cysteine-rich type 1 protein M130-like	protein_coding	26975001	0.916328	29658
NC_133890.1	21133854	21149498	141893334	LOC141893334	tyrosine-protein kinase HTK16-like	protein_coding	21115001	0.916293	30038
NC_133894.1	18158027	18163782	141863742	LOC141863742	rho-related GTP-binding protein RhoA-C	protein_coding	18185001	0.916290	37027
NC_133894.1	18164419	18169394	141863744	LOC141863744	YY1-associated factor 2-like	protein_coding	18185001	0.916290	37027
NC_133894.1	18176345	18179511	141863743	LOC141863743	mitochondrial import inner membrane translocase subunit Tim17-B-like	protein_coding	18185001	0.916290	37027
NC_133894.1	18178989	18184413	141863740	LOC141863740	quinone oxidoreductase-like protein 2 homolog	protein_coding	18185001	0.916290	37027
NC_133894.1	18192125	18194733	141863741	LOC141863741	uncharacterized LOC141863741	protein_coding	18185001	0.916290	37027
NC_133894.1	18195461	18197897	141863746	LOC141863746	uncharacterized LOC141863746	lncRNA	18185001	0.916290	37027
NC_133894.1	18169466	18176223	141863738	LOC141863738	E3 ubiquitin-protein ligase RAD18-like	protein_coding	18185001	0.916290	37027
NC_133894.1	18183658	18191807	141863737	LOC141863737	creatine kinase, flagellar-like	protein_coding	18185001	0.916290	37027
NC_133894.1	18199029	18224387	141863745	LOC141863745	intraflagellar transport protein 122 homolog	protein_coding	18185001	0.916290	37027
NC_133883.1	2006072	2008824	141874652	LOC141874652	uncharacterized LOC141874652	lncRNA	2025001	0.916020	28661
NC_133883.1	1983551	2012323	141874648	LOC141874648	tight junction protein 1-like	protein_coding	2025001	0.916020	28661
NC_133883.1	2015173	2054077	141873312	LOC141873312	neogenin-like	protein_coding	2025001	0.916020	28661
NC_133890.1	18174976	18180917	141891528	LOC141891528	uncharacterized LOC141891528	protein_coding	18155001	0.916016	33994
NC_133890.1	18173596	18188985	141891531	LOC141891531	calpain-5-like	protein_coding	18155001	0.916016	33994
NC_133894.1	18272949	18274273	141862994	LOC141862994	uncharacterized LOC141862994	lncRNA	18255001	0.915967	31364
NC_133894.1	18279315	18284312	141862992	LOC141862992	ras-related protein Rap-1A	protein_coding	18255001	0.915967	31364
NC_133883.1	24585601	24588183	141874450	LOC141874450	uncharacterized LOC141874450	lncRNA	24565001	0.915809	35030
NC_133890.1	18162788	18166527	141892955	LOC141892955	uncharacterized LOC141892955	lncRNA	18145001	0.915808	38000
NC_133890.1	18168052	18168630	141891703	LOC141891703	uncharacterized LOC141891703	protein_coding	18145001	0.915808	38000
NC_133883.1	8419378	8420379	141873987	LOC141873987	uncharacterized LOC141873987	lncRNA	8445001	0.915794	30843
NC_133883.1	8420394	8426603	141873955	LOC141873955	uncharacterized LOC141873955	protein_coding	8445001	0.915794	30843
NC_133883.1	8427556	8464412	141873923	LOC141873923	protogenin-like	protein_coding	8445001	0.915794	30843
NC_133892.1	895006	897509	141896371	LOC141896371	uncharacterized LOC141896371	protein_coding	915001	0.915716	34299
NC_133892.1	915023	916319	141897854	LOC141897854	histone H1-delta-like	protein_coding	915001	0.915716	34299
NC_133892.1	888122	908848	141896358	LOC141896358	(E3-independent) E2 ubiquitin-conjugating enzyme-like	protein_coding	915001	0.915716	34299
NC_133892.1	917547	935369	141897853	LOC141897853	centrosomal protein of 131 kDa-like	protein_coding	915001	0.915716	34299
NC_133892.1	939836	975524	141897855	LOC141897855	uncharacterized LOC141897855	protein_coding	915001	0.915716	34299
NC_133888.1	1399251	1407172	141885713	LOC141885713	homeobox protein MSX-1-like	protein_coding	1425001	0.915564	32034
NC_133888.1	1428104	1435704	141885714	LOC141885714	uncharacterized LOC141885714	lncRNA	1425001	0.915564	32034
NC_133888.1	1442195	1452605	141885710	LOC141885710	WD repeat-containing protein 86-like	protein_coding	1425001	0.915564	32034
NC_133888.1	1407204	1411797	141885711	LOC141885711	homeobox protein MSX-2-like	protein_coding	1425001	0.915564	32034
NC_133888.1	1411933	1440452	141885708	LOC141885708	cyclic nucleotide-gated channel alpha-3-like	protein_coding	1425001	0.915564	32034
NC_133883.1	6740916	6757004	141874018	LOC141874018	spondin-2-like	protein_coding	6745001	0.915518	37855
NC_133883.1	6759504	6784311	141874723	LOC141874723	uncharacterized LOC141874723	protein_coding	6745001	0.915518	37855
NC_133891.1	4854832	4864697	141894443	LOC141894443	uncharacterized LOC141894443	lncRNA	4855001	0.915492	33806
NC_133891.1	4872454	4882115	141894436	LOC141894436	TNF receptor-associated factor 4-like	protein_coding	4855001	0.915492	33806
NC_133891.1	4865061	4866675	141894445	LOC141894445	uncharacterized LOC141894445	lncRNA	4855001	0.915492	33806
NC_133891.1	4802481	4808663	141893915	LOC141893915	N-acylglucosamine 2-epimerase-like	protein_coding	4825001	0.915468	35352
NC_133891.1	4820685	4823650	141894441	LOC141894441	intraflagellar transport protein 20 homolog	protein_coding	4825001	0.915468	35352
NC_133891.1	4823788	4827190	141894439	LOC141894439	BTB/POZ domain-containing adapter for CUL3-mediated RhoA degradation protein 3-like	protein_coding	4825001	0.915468	35352
NC_133891.1	4827975	4829989	141894447	LOC141894447	uncharacterized LOC141894447	lncRNA	4825001	0.915468	35352
NC_133891.1	4835868	4839084	141894446	LOC141894446	uncharacterized LOC141894446	lncRNA	4825001	0.915468	35352
NC_133891.1	4838237	4842912	141894440	LOC141894440	uncharacterized LOC141894440	protein_coding	4825001	0.915468	35352
NC_133891.1	4790461	4801767	141894107	LOC141894107	BCAS3 microtubule associated cell migration factor-like	protein_coding	4825001	0.915468	35352
NC_133891.1	4808770	4818533	141893916	LOC141893916	small ribosomal subunit protein mS23-like	protein_coding	4825001	0.915468	35352
NC_133891.1	4827281	4835770	141894438	LOC141894438	branched-chain alpha-ketoacid dehydrogenase kinase-like	protein_coding	4825001	0.915468	35352
NC_133891.1	4843063	4854748	141894437	LOC141894437	TNF receptor-associated factor 4-like	protein_coding	4825001	0.915468	35352
NC_133891.1	4340643	4352248	141894626	LOC141894626	inositol polyphosphate 5-phosphatase K-like	protein_coding	4355001	0.915426	31943
NC_133891.1	4354535	4379312	141895329	LOC141895329	beta-glucuronidase-like	protein_coding	4355001	0.915426	31943
NC_133891.1	4370146	4385126	141895330	LOC141895330	G protein-coupled receptor kinase 3-like	protein_coding	4355001	0.915426	31943
NC_133891.1	4323891	4338815	141895382	LOC141895382	uncharacterized LOC141895382	protein_coding	4355001	0.915426	31943
NC_133882.1	18998330	19007121	141886635	LOC141886635	maspardin-like	protein_coding	18975001	0.915425	28126
NC_133891.1	3110156	3119277	141895135	LOC141895135	prostaglandin E2 receptor EP4 subtype-like	protein_coding	3095001	0.915399	31289
NC_133883.1	26632212	26649849	141873110	LOC141873110	triacylglycerol hydrolase DDHD2-like	protein_coding	26615001	0.915370	34930
NC_133891.1	4041224	4046523	141894542	LOC141894542	general transcription factor IIH subunit 3-like	protein_coding	4045001	0.915095	34414
NC_133891.1	4053319	4057476	141895187	LOC141895187	vitamin K epoxide reductase complex subunit 1-like	protein_coding	4045001	0.915095	34414
NC_133891.1	4057558	4062464	141895186	LOC141895186	NFATC2-interacting protein-like	protein_coding	4045001	0.915095	34414
NC_133891.1	4066695	4066767	141896291	Trnat-ggu	transfer RNA threonine (anticodon GGU)	tRNA	4045001	0.915095	34414
NC_133891.1	3999304	4040801	141894638	LOC141894638	putative E3 ubiquitin-protein ligase HECTD4	protein_coding	4045001	0.915095	34414
NC_133891.1	4046486	4052356	141894541	LOC141894541	uncharacterized LOC141894541	protein_coding	4045001	0.915095	34414
NC_133891.1	4067476	4091832	141895189	LOC141895189	heterogeneous nuclear ribonucleoprotein L-like	protein_coding	4045001	0.915095	34414
NC_133891.1	4062803	4067087	141895185	LOC141895185	bis(5'-adenosyl)-triphosphatase enpp4-like	protein_coding	4045001	0.915095	34414
NC_133892.1	19794714	19799768	141897146	LOC141897146	myotrophin homolog	protein_coding	19795001	0.915081	37236
NC_133892.1	19809181	19813474	141897147	LOC141897147	myotrophin-like	protein_coding	19795001	0.915081	37236
NC_133892.1	19813528	19818500	141897145	LOC141897145	NADH-cytochrome b5 reductase 3-like	protein_coding	19795001	0.915081	37236
NC_133892.1	19766134	19788020	141896655	LOC141896655	C2 domain-containing protein 5-like	protein_coding	19795001	0.915081	37236
NC_133892.1	19799845	19809041	141897140	LOC141897140	uncharacterized LOC141897140	protein_coding	19795001	0.915081	37236
NC_133892.1	19819149	19834659	141897139	LOC141897139	uncharacterized LOC141897139	protein_coding	19795001	0.915081	37236
NC_133892.1	19787716	19793413	141896659	LOC141896659	solute carrier family 49 member 4 homolog	protein_coding	19795001	0.915081	37236
NC_133892.1	14643093	14658084	141897652	LOC141897652	KRR1 small subunit processome component homolog	protein_coding	14625001	0.915033	30801
NC_133889.1	5161027	5174792	141889593	LOC141889593	ATP-binding cassette sub-family B member 10, mitochondrial-like	protein_coding	5145001	0.914765	37140
NC_133883.1	26581095	26587555	141874711	LOC141874711	ciliary microtubule inner protein 2B-like	protein_coding	26605001	0.914601	35619
NC_133883.1	26599217	26603887	141874140	LOC141874140	uncharacterized LOC141874140	protein_coding	26605001	0.914601	35619
NC_133883.1	26589361	26597113	141874475	LOC141874475	putative fibroblast growth factor 1	protein_coding	26605001	0.914601	35619
NC_133883.1	26616159	26624248	141873111	LOC141873111	nitric oxide-associated protein 1-like	protein_coding	26605001	0.914601	35619
NC_133883.1	26623667	26629153	141873121	LOC141873121	uncharacterized LOC141873121	protein_coding	26605001	0.914601	35619
NC_133884.1	12772787	12779013	141876836	LOC141876836	large ribosomal subunit protein uL3-like	protein_coding	12795001	0.914484	34128
NC_133884.1	12784077	12790380	141876827	LOC141876827	serine/threonine-protein kinase ULK4-like	protein_coding	12795001	0.914484	34128
NC_133884.1	12755611	12770206	141876828	LOC141876828	uncharacterized LOC141876828	protein_coding	12795001	0.914484	34128
NC_133884.1	12777886	12783992	141876834	LOC141876834	uncharacterized LOC141876834	protein_coding	12795001	0.914484	34128
NC_133884.1	12794011	12810693	141875929	LOC141875929	ranBP-type and C3HC4-type zinc finger-containing protein 1-like	protein_coding	12795001	0.914484	34128
NC_133884.1	12810475	12823153	141875930	LOC141875930	translin-associated factor X-interacting protein 1-like	protein_coding	12795001	0.914484	34128
NC_133884.1	25531578	25532840	141876692	LOC141876692	uncharacterized LOC141876692	protein_coding	25555001	0.914459	35510
NC_133884.1	25548797	25549375	141876702	LOC141876702	uncharacterized LOC141876702	lncRNA	25555001	0.914459	35510
NC_133884.1	25568279	25572765	141876703	LOC141876703	uncharacterized LOC141876703	lncRNA	25555001	0.914459	35510
NC_133884.1	25576104	25589901	141876675	LOC141876675	serine/threonine-protein kinase Nek5-like	protein_coding	25555001	0.914459	35510
NC_133884.1	25526750	25547662	141876683	LOC141876683	NADP-dependent oxidoreductase domain-containing protein 1-like	protein_coding	25555001	0.914459	35510
NC_133884.1	25553617	25572654	141876661	LOC141876661	soluble guanylate cyclase 88E-like	protein_coding	25555001	0.914459	35510
NC_133883.1	2074206	2091380	141874571	LOC141874571	uncharacterized LOC141874571	protein_coding	2055001	0.914450	31971
NC_133883.1	24540202	24541028	141871420	LOC141871420	uncharacterized LOC141871420	protein_coding	24555001	0.914431	33143
NC_133883.1	24577651	24580093	141871447	LOC141871447	uncharacterized LOC141871447	lncRNA	24555001	0.914431	33143
NC_133883.1	24521281	24552520	141871201	LOC141871201	attractin-like protein 1	protein_coding	24555001	0.914431	33143
NC_133883.1	24553350	24559771	141871338	LOC141871338	carbohydrate sulfotransferase 11-like	protein_coding	24555001	0.914431	33143
NC_133883.1	24559519	24577373	141871227	LOC141871227	hephaestin-like protein	protein_coding	24555001	0.914431	33143
NC_133890.1	18861226	18863498	141892053	LOC141892053	neo-calmodulin-like	protein_coding	18875001	0.914301	31922
NC_133890.1	18881791	18884595	141892913	LOC141892913	flavin-containing monooxygenase 5-like	protein_coding	18875001	0.914301	31922
NC_133890.1	18891875	18902156	141892912	LOC141892912	uncharacterized LOC141892912	protein_coding	18875001	0.914301	31922
NC_133890.1	18857248	18861242	141892051	LOC141892051	uncharacterized LOC141892051	protein_coding	18875001	0.914301	31922
NC_133890.1	18884396	18891886	141892916	LOC141892916	choline-phosphate cytidylyltransferase B-like	protein_coding	18875001	0.914301	31922
NC_133890.1	18846927	18881512	141892050	LOC141892050	DNA polymerase alpha catalytic subunit-like	protein_coding	18875001	0.914301	31922
NC_133888.1	3895022	3899310	141886424	LOC141886424	uncharacterized LOC141886424	lncRNA	3905001	0.914272	16637
NC_133888.1	3922723	3947220	141886222	LOC141886222	prolyl endopeptidase FAP-like	protein_coding	3905001	0.914272	16637
NC_133895.1	2189535	2190557	141865521	LOC141865521	uncharacterized LOC141865521	lncRNA	2185001	0.914035	32601
NC_133895.1	2119785	2170735	141865506	LOC141865506	tyrosine-protein kinase transmembrane receptor Ror-like	protein_coding	2185001	0.914035	32601
NC_133895.1	2174483	2187335	141865508	LOC141865508	inactive tyrosine-protein kinase transmembrane receptor ROR1-like	protein_coding	2185001	0.914035	32601
NC_133895.1	2187529	2210253	141865503	LOC141865503	cyclin-G-associated kinase-like	protein_coding	2185001	0.914035	32601
NC_133891.1	20989286	20998441	141893922	LOC141893922	mitogen-activated protein kinase 1-like	protein_coding	20975001	0.914029	30917
NC_133891.1	20999847	21001419	141894787	LOC141894787	adenosine receptor A1-like	protein_coding	20975001	0.914029	30917
NC_133891.1	20981859	20988100	141893923	LOC141893923	zinc finger matrin-type protein 5-like	protein_coding	20975001	0.914029	30917
NC_133892.1	14718223	14724290	141897276	LOC141897276	uncharacterized LOC141897276	protein_coding	14695001	0.913920	31916
NC_133891.1	8414350	8422863	141895437	LOC141895437	ADP-ribosylation factor-related protein 1-like	protein_coding	8395001	0.913857	34366
NC_133891.1	8374092	8398919	141895410	LOC141895410	DNA topoisomerase 2-alpha-like	protein_coding	8395001	0.913857	34366
NC_133882.1	9348493	9358099	141895894	LOC141895894	tRNA wybutosine-synthesizing protein 5-like	protein_coding	9325001	0.913756	28828
NC_133891.1	4385268	4430163	141895328	LOC141895328	uncharacterized LOC141895328	protein_coding	4365001	0.913609	32903
NC_133891.1	4389997	4396093	141895335	LOC141895335	uncharacterized LOC141895335	protein_coding	4365001	0.913609	32903
NC_133886.1	24005176	24016250	141881412	LOC141881412	uncharacterized LOC141881412	protein_coding	24035001	0.913329	32965
NC_133886.1	24005560	24011200	141881411	LOC141881411	methionine aminopeptidase 1D, mitochondrial-like	protein_coding	24035001	0.913329	32965
NC_133886.1	24019947	24021480	141881414	LOC141881414	uncharacterized LOC141881414	lncRNA	24035001	0.913329	32965
NC_133886.1	24022430	24032444	141881572	LOC141881572	uncharacterized LOC141881572	protein_coding	24035001	0.913329	32965
NC_133886.1	24026069	24028428	141881575	LOC141881575	uncharacterized LOC141881575	lncRNA	24035001	0.913329	32965
NC_133886.1	24049484	24049557	141882716	Trnas-aga	transfer RNA serine (anticodon AGA)	tRNA	24035001	0.913329	32965
NC_133886.1	24053636	24057827	141881098	LOC141881098	uncharacterized LOC141881098	protein_coding	24035001	0.913329	32965
NC_133886.1	24016148	24020637	141881413	LOC141881413	uncharacterized LOC141881413	protein_coding	24035001	0.913329	32965
NC_133886.1	24033504	24040119	141881573	LOC141881573	uncharacterized LOC141881573	protein_coding	24035001	0.913329	32965
NC_133886.1	24042402	24053353	141881097	LOC141881097	uncharacterized LOC141881097	protein_coding	24035001	0.913329	32965
NC_133886.1	24059588	24075259	141881539	LOC141881539	growth factor receptor-bound protein 14-like	protein_coding	24035001	0.913329	32965
NC_133887.1	673384	685105	141885185	LOC141885185	uncharacterized LOC141885185	lncRNA	705001	0.913313	35332
NC_133887.1	663841	683378	141885178	LOC141885178	G-protein coupled receptor 161-like	protein_coding	705001	0.913313	35332
NC_133887.1	683813	692373	141885180	LOC141885180	large ribosomal subunit protein bL19m-like	protein_coding	705001	0.913313	35332
NC_133887.1	692490	709736	141885176	LOC141885176	cell division cycle 5-related protein-like	protein_coding	705001	0.913313	35332
NC_133887.1	708888	732116	141885177	LOC141885177	palmitoleoyl-protein carboxylesterase notum1a-like	protein_coding	705001	0.913313	35332
NC_133885.1	24283139	24291712	141878217	LOC141878217	fibroblast growth factor 1-like	protein_coding	24295001	0.913155	35224
NC_133885.1	24291989	24293502	141878219	LOC141878219	uncharacterized LOC141878219	protein_coding	24295001	0.913155	35224
NC_133885.1	24319512	24325055	141878221	LOC141878221	caskin-1-like	protein_coding	24295001	0.913155	35224
NC_133885.1	24267733	24282198	141878215	LOC141878215	NEDD4-binding protein 2-like	protein_coding	24295001	0.913155	35224
NC_133885.1	24294624	24301639	141878220	LOC141878220	ubiquitin-conjugating enzyme E2 K-like	protein_coding	24295001	0.913155	35224
NC_133885.1	24303191	24321394	141878216	LOC141878216	sushi, von Willebrand factor type A, EGF and pentraxin domain-containing protein 1-like	protein_coding	24295001	0.913155	35224
NC_133889.1	5175269	5175340	141891131	Trnaa-cgc	transfer RNA alanine (anticodon CGC)	tRNA	5155001	0.912998	35385
NC_133889.1	5175439	5177640	141889594	LOC141889594	uncharacterized LOC141889594	protein_coding	5155001	0.912998	35385
NC_133884.1	9914292	9923010	141875638	LOC141875638	ribonuclease P protein subunit p40-like	protein_coding	9945001	0.912978	33338
NC_133884.1	9923033	9927288	141875636	LOC141875636	uncharacterized LOC141875636	protein_coding	9945001	0.912978	33338
NC_133884.1	9949077	9956512	141875857	LOC141875857	uncharacterized LOC141875857	protein_coding	9945001	0.912978	33338
NC_133884.1	9956517	9961359	141875854	LOC141875854	uncharacterized LOC141875854	protein_coding	9945001	0.912978	33338
NC_133884.1	9927853	9930043	141875637	LOC141875637	uncharacterized LOC141875637	protein_coding	9945001	0.912978	33338
NC_133884.1	9931439	9947182	141875635	LOC141875635	cleavage and polyadenylation specificity factor subunit 2-like	protein_coding	9945001	0.912978	33338
NC_133884.1	9965422	9987287	141875853	LOC141875853	uncharacterized LOC141875853	protein_coding	9945001	0.912978	33338
NC_133884.1	9961342	9965348	141875856	LOC141875856	GPI mannosyltransferase 1-like	protein_coding	9945001	0.912978	33338
NC_133892.1	14699805	14700706	141898015	LOC141898015	uncharacterized LOC141898015	lncRNA	14675001	0.912904	31787
NC_133892.1	14694173	14704301	141898014	LOC141898014	rho guanine nucleotide exchange factor 39-like	protein_coding	14675001	0.912904	31787
NC_133892.1	18387508	18397762	141897510	LOC141897510	xylosyltransferase 1-like	protein_coding	18415001	0.912883	24695
NC_133892.1	18420089	18426532	141897093	LOC141897093	P2X receptor E-like	protein_coding	18415001	0.912883	24695
NC_133892.1	18426650	18430721	141897094	LOC141897094	uncharacterized LOC141897094	protein_coding	18415001	0.912883	24695
NC_133892.1	18400532	18418879	141897092	LOC141897092	protein lin-9 homolog	protein_coding	18415001	0.912883	24695
NC_133883.1	2060257	2072412	141874572	LOC141874572	lysophosphatidic acid phosphatase type 6-like	protein_coding	2045001	0.912760	27683
NC_133891.1	4891275	4896301	141894433	LOC141894433	peroxisomal multifunctional enzyme type 2-like	protein_coding	4875001	0.912313	34896
NC_133891.1	4899028	4914417	141894432	LOC141894432	uncharacterized LOC141894432	protein_coding	4875001	0.912313	34896
NC_133891.1	4897926	4914897	141894442	LOC141894442	uncharacterized LOC141894442	lncRNA	4875001	0.912313	34896
NC_133883.1	5180513	5182345	141874080	LOC141874080	uncharacterized LOC141874080	lncRNA	5195001	0.912148	25718
NC_133883.1	5212307	5212381	141875212	Trnaa-ggc	transfer RNA alanine (anticodon GGC)	tRNA	5195001	0.912148	25718
NC_133883.1	5192860	5223276	141875049	LOC141875049	bifunctional 3'-5' exonuclease/ATP-dependent helicase WRN-like	protein_coding	5195001	0.912148	25718
NC_133882.1	4641459	4646215	141893438	LOC141893438	retina and anterior neural fold homeobox protein 2-like	protein_coding	4625001	0.912147	37622
NC_133884.1	23489920	23490001	141878115	Trnas-gcu	transfer RNA serine (anticodon GCU)	tRNA	23505001	0.911852	34544
NC_133884.1	23497664	23498323	141876888	LOC141876888	uncharacterized LOC141876888	protein_coding	23505001	0.911852	34544
NC_133884.1	23498799	23541346	141876887	LOC141876887	voltage-dependent calcium channel type A subunit alpha-1-like	protein_coding	23505001	0.911852	34544
NC_133884.1	23450288	23485306	141875779	LOC141875779	protocadherin-like wing polarity protein stan	protein_coding	23505001	0.911852	34544
NC_133883.1	24388677	24391009	141874233	LOC141874233	tRNA dimethylallyltransferase-like	protein_coding	24415001	0.911740	34915
NC_133883.1	24405422	24407979	141874246	LOC141874246	QRFP-like peptide receptor	protein_coding	24415001	0.911740	34915
NC_133883.1	24421144	24424639	141874241	LOC141874241	uncharacterized LOC141874241	protein_coding	24415001	0.911740	34915
NC_133883.1	24428610	24435361	141874242	LOC141874242	octopamine receptor beta-2R-like	protein_coding	24415001	0.911740	34915
NC_133883.1	24436588	24440523	141874251	LOC141874251	ras-related protein Rab-11A-like	protein_coding	24415001	0.911740	34915
NC_133883.1	24391214	24421257	141874247	LOC141874247	protein DPCD-like	protein_coding	24415001	0.911740	34915
NC_133883.1	12167103	12171166	141874999	LOC141874999	nucleotide exchange factor SIL1-like	protein_coding	12195001	0.911721	33648
NC_133883.1	12204298	12217064	141875010	LOC141875010	cyclic AMP-responsive element-binding protein 3-like protein 2	protein_coding	12195001	0.911721	33648
NC_133883.1	12174559	12201025	141874991	LOC141874991	two pore channel protein 2-like	protein_coding	12195001	0.911721	33648
NC_133892.1	14484720	14497520	141896478	LOC141896478	very long chain fatty acid elongase 7-like	protein_coding	14515001	0.911565	37842
NC_133892.1	14492786	14495049	141858870	LOC141858870	uncharacterized LOC141858870	protein_coding	14515001	0.911565	37842
NC_133892.1	14518329	14521740	141897542	LOC141897542	uncharacterized LOC141897542	lncRNA	14515001	0.911565	37842
NC_133892.1	14500710	14536467	141897533	LOC141897533	uncharacterized LOC141897533	protein_coding	14515001	0.911565	37842
NC_133884.1	9988250	10003478	141875855	LOC141875855	b(0,+)-type amino acid transporter 1-like	protein_coding	9965001	0.911469	30480
NC_133882.1	4612243	4616346	141860922	LOC141860922	uncharacterized LOC141860922	protein_coding	4595001	0.911379	35283
NC_133882.1	4597930	4610554	141860901	LOC141860901	proline-rich protein PRCC-like	protein_coding	4595001	0.911379	35283
NC_133882.1	4618418	4632919	141860910	LOC141860910	homeobox protein orthopedia-like	protein_coding	4595001	0.911379	35283
NC_133882.1	4619340	4625152	141860949	LOC141860949	uncharacterized LOC141860949	lncRNA	4595001	0.911379	35283
NC_133882.1	4547866	4597939	141860868	LOC141860868	cartilage oligomeric matrix protein-like	protein_coding	4595001	0.911379	35283
NC_133888.1	22194149	22214454	141886438	LOC141886438	uncharacterized LOC141886438	protein_coding	22175001	0.911376	37007
NC_133888.1	22140288	22148064	141886445	LOC141886445	uncharacterized LOC141886445	protein_coding	22165001	0.911312	34713
NC_133888.1	22171578	22191176	141886446	LOC141886446	uncharacterized LOC141886446	protein_coding	22165001	0.911312	34713
NC_133888.1	22147596	22182122	141886440	LOC141886440	uncharacterized LOC141886440	protein_coding	22165001	0.911312	34713
NC_133883.1	6703458	6713385	141874373	LOC141874373	erlin-2-B-like	protein_coding	6715001	0.911263	35626
NC_133883.1	6723297	6732665	141874372	LOC141874372	substance-K receptor-like	protein_coding	6715001	0.911263	35626
NC_133883.1	6734911	6736704	141874378	LOC141874378	uncharacterized LOC141874378	lncRNA	6715001	0.911263	35626
NC_133883.1	6686126	6703395	141874370	LOC141874370	calcium/calmodulin-dependent protein kinase type II delta chain-like	protein_coding	6715001	0.911263	35626
NC_133883.1	6713918	6734756	141874371	LOC141874371	substance-P receptor-like	protein_coding	6715001	0.911263	35626
NC_133887.1	420016	421840	141884887	LOC141884887	neuropeptide FF receptor 2-like	protein_coding	445001	0.911110	37158
NC_133887.1	442860	449620	141885311	LOC141885311	lanC-like protein 3	protein_coding	445001	0.911110	37158
NC_133887.1	464879	474632	141885315	LOC141885315	GPN-loop GTPase 2-like	protein_coding	445001	0.911110	37158
NC_133887.1	425008	427100	141885312	LOC141885312	neuropeptide FF receptor 1-like	protein_coding	445001	0.911110	37158
NC_133887.1	435032	442789	141885314	LOC141885314	low density lipoprotein receptor adapter protein 1-like	protein_coding	445001	0.911110	37158
NC_133887.1	449710	463598	141885310	LOC141885310	kinesin-like protein KIF25	protein_coding	445001	0.911110	37158
NC_133887.1	5710241	5711388	141884327	LOC141884327	uncharacterized LOC141884327	protein_coding	5725001	0.911019	27919
NC_133887.1	5711558	5712574	141884324	LOC141884324	uncharacterized LOC141884324	protein_coding	5725001	0.911019	27919
NC_133887.1	5712490	5714914	141884325	LOC141884325	uncharacterized LOC141884325	protein_coding	5725001	0.911019	27919
NC_133887.1	5740696	5744149	141884886	LOC141884886	uncharacterized LOC141884886	lncRNA	5725001	0.911019	27919
NC_133887.1	5689289	5704773	141884321	LOC141884321	uncharacterized LOC141884321	protein_coding	5725001	0.911019	27919
NC_133887.1	5705065	5738167	141884322	LOC141884322	uncharacterized LOC141884322	protein_coding	5725001	0.911019	27919
NC_133887.1	5747188	5758932	141884320	LOC141884320	uncharacterized LOC141884320	protein_coding	5725001	0.911019	27919
NC_133883.1	14451928	14455481	141874920	LOC141874920	uncharacterized LOC141874920	lncRNA	14455001	0.910719	35524
NC_133883.1	14455639	14471044	141874917	LOC141874917	CUB domain-containing protein 2-like	protein_coding	14455001	0.910719	35524
NC_133883.1	14471345	14496782	141874914	LOC141874914	protein mesh-like	protein_coding	14455001	0.910719	35524
NC_133882.1	25019873	25025322	141886502	LOC141886502	uncharacterized LOC141886502	protein_coding	25005001	0.910711	36804
NC_133882.1	25021676	25026784	141886507	LOC141886507	DNA repair protein SWI5 homolog	protein_coding	25005001	0.910711	36804
NC_133882.1	25026871	25033942	141865500	LOC141865500	outer dynein arm-docking complex subunit 3-like	protein_coding	25005001	0.910711	36804
NC_133882.1	24974650	24987531	141884833	LOC141884833	uncharacterized LOC141884833	lncRNA	25005001	0.910711	36804
NC_133882.1	24978367	24989929	141884799	LOC141884799	uncharacterized LOC141884799	protein_coding	25005001	0.910711	36804
NC_133882.1	24995336	25013865	141888427	LOC141888427	uncharacterized LOC141888427	lncRNA	25005001	0.910711	36804
NC_133882.1	25001857	25013136	141888370	LOC141888370	uncharacterized LOC141888370	protein_coding	25005001	0.910711	36804
NC_133882.1	9380541	9381372	141895915	LOC141895915	uncharacterized LOC141895915	lncRNA	9405001	0.910704	34516
NC_133882.1	9421700	9422923	141877814	LOC141877814	molybdopterin synthase sulfur carrier subunit-like	protein_coding	9405001	0.910704	34516
NC_133882.1	9422850	9430832	141877799	LOC141877799	molybdopterin synthase catalytic subunit-like	protein_coding	9405001	0.910704	34516
NC_133882.1	9358415	9383008	141895848	LOC141895848	follistatin-A-like	protein_coding	9405001	0.910704	34516
NC_133882.1	9386238	9419531	141895816	LOC141895816	sodium channel protein 1 brain-like	protein_coding	9405001	0.910704	34516
NC_133882.1	9429678	9442419	141877773	LOC141877773	DNA-directed RNA polymerase III subunit RPC3-like	protein_coding	9405001	0.910704	34516
NC_133889.1	18017275	18019560	141890130	LOC141890130	uncharacterized LOC141890130	lncRNA	18025001	0.910406	40363
NC_133889.1	18041100	18042555	141890131	LOC141890131	uncharacterized LOC141890131	lncRNA	18025001	0.910406	40363
NC_133889.1	17998677	18011476	141890121	LOC141890121	mitochondrial import inner membrane translocase subunit TIM50-like	protein_coding	18025001	0.910406	40363
NC_133889.1	18011632	18061164	141890108	LOC141890108	uncharacterized LOC141890108	protein_coding	18025001	0.910406	40363
NC_133889.1	4339499	4358585	141888856	LOC141888856	2-oxoadipate dehydrogenase complex component E1-like	protein_coding	4335001	0.910351	31320
NC_133889.1	4305668	4339341	141888855	LOC141888855	RNA helicase aquarius-like	protein_coding	4335001	0.910351	31320
NC_133884.1	4097824	4097897	141878180	Trnaa-ggc	transfer RNA alanine (anticodon GGC)	tRNA	4095001	0.910140	29799
NC_133884.1	4098063	4098136	141878191	Trnaa-ggc	transfer RNA alanine (anticodon GGC)	tRNA	4095001	0.910140	29799
NC_133884.1	4069344	4091507	141877688	LOC141877688	AP-1 complex subunit gamma-1-like	protein_coding	4095001	0.910140	29799
NC_133884.1	4093856	4096482	141877133	LOC141877133	uncharacterized LOC141877133	protein_coding	4095001	0.910140	29799
NC_133884.1	4100393	4130705	141876243	LOC141876243	kinesin-like protein KIF28	protein_coding	4095001	0.910140	29799
NC_133883.1	12224808	12227119	141875009	LOC141875009	G1/S-specific cyclin-D2-like	protein_coding	12205001	0.910119	34806
